Station,Hour,PM2.5,PM10,CO,NO2,O3,SO2,Temperature,Humidity,Pressure,Wind Speed
Hà Nội: 556 Nguyễn Văn Cừ (KK),0,0.9954030869638343,0.9324401231456333,-0.23626996616250695,-0.13413594903921486,-0.15273057281647917,-0.2858907853542574,-0.05806467811863738,0.4138161661128014,0.08795790445308153,-0.11917095957634118
Hà Nội: 556 Nguyễn Văn Cừ (KK),1,0.9966943082042735,0.9458911667142689,0.09382217620972637,0.10199478871513198,-0.18592492256819457,-0.328784356738544,-0.1500863357912027,0.4438505276232379,0.21348095219250177,-0.22246413639142676
Hà Nội: 556 Nguyễn Văn Cừ (KK),2,0.9996859218410941,0.9498734808233095,0.2934978320823304,-0.37535979816323806,-0.17489574988105008,-0.16164316689788288,-0.1532647849300428,0.3734915000361861,0.2349284620381075,-0.28926044923665967
Hà Nội: 556 Nguyễn Văn Cừ (KK),3,0.999930614878219,0.963491192793229,0.4064122511308671,-0.3762646186030628,-0.2279634034010964,-0.15159427615437998,-0.1838573938220077,0.29790329022299866,0.2662219218346703,-0.4019726446296748
Hà Nội: 556 Nguyễn Văn Cừ (KK),4,0.9986383035511007,0.9668879156486097,0.35246552252603386,-0.17225247275147476,-0.2697344058025999,-0.26836583395860686,-0.17395804071909934,0.36632233895924676,0.26377224613200156,-0.4598781268370605
Hà Nội: 556 Nguyễn Văn Cừ (KK),5,0.9976170050231757,0.9704198712073018,0.2136791320714135,0.047017287333007675,-0.35148187765872085,-0.41492278165275326,-0.22309049828172056,0.2981324132632094,0.299748347186163,-0.33732053771988824
Hà Nội: 556 Nguyễn Văn Cừ (KK),6,0.9972797165392558,0.9690378368277697,0.18694042050912069,0.16158369274475556,-0.4052864350185368,-0.42932832681057304,-0.35698488335307926,0.2631596713489136,0.3028814370407744,-0.15572970872967404
Hà Nội: 556 Nguyễn Văn Cừ (KK),7,1.0,0.9999999999999999,1.0,,-1.0000000000000002,-0.9999999999999999,-1.0,-1.0,-1.0,-0.9999999999999998
Hà Nội: 556 Nguyễn Văn Cừ (KK),8,0.99873962823235,0.9686561787354615,-0.04875647065232678,-0.007416205717393896,-0.23131685089176027,-0.4521448675273899,0.00584544712360979,-0.17740208836264088,0.021455851194274064,-0.046606599648282634
Hà Nội: 556 Nguyễn Văn Cừ (KK),9,0.9999169115620414,0.9590824661228287,0.5623198528821785,-1.0000000000000002,0.15977164099653657,0.6734945072661687,-0.46831592758299706,0.6219998857608773,-0.4530353182944806,0.48701364926384755
Hà Nội: 556 Nguyễn Văn Cừ (KK),10,0.9999310013699751,0.951714770490897,0.24588821120243515,0.3693902463422492,-0.28602478305149936,-0.417480281275696,0.006522922103054787,-0.20552362577321967,0.011967193264826563,-0.1514683691171853
Hà Nội: 556 Nguyễn Văn Cừ (KK),11,0.9997310717677802,0.9415847702807079,0.34043222399745865,0.6906564322106551,-0.11073928912695548,-0.4041087867965011,-0.10808705926430863,-0.02971342168954689,0.1176138969697329,-0.3091199801899467
Hà Nội: 556 Nguyễn Văn Cừ (KK),12,0.9971853767322078,0.9458351953010002,0.09106629574811473,0.8216003485821188,-0.006424626740070633,-0.49454760101934103,0.0940694007855568,-0.11491845430241945,0.033557792491902126,-0.14011245364015681
Hà Nội: 556 Nguyễn Văn Cừ (KK),13,0.9999087207438115,0.9355460730908028,0.07345186919932395,0.6865937629103066,-0.011652971212291486,-0.48790554159407495,0.20230521269530105,-0.12282513098981591,0.004372045116016786,-0.16193985627745913
Hà Nội: 556 Nguyễn Văn Cừ (KK),14,0.9992646678647038,0.9644101980710208,0.18507024495478153,0.7092053578014069,-0.08991564247226774,-0.5666039760052723,0.17561355834118197,-0.19645569951650552,0.04506923892495978,-0.3035542589624235
Hà Nội: 556 Nguyễn Văn Cừ (KK),15,0.9997553980068232,0.9494398950694287,0.1627380304646389,0.6772205732314319,-0.2008363991360173,-0.6310122174214478,0.13293297355385714,-0.20426642503270934,0.014685450095066407,0.06730207798703879
Hà Nội: 556 Nguyễn Văn Cừ (KK),16,0.9999150504383878,0.9564618596132136,0.2643348609120928,0.36796177454289514,-0.27820158869662276,-0.6128748710119633,0.030728704660882823,-0.20154756479135646,-0.011392186728300363,0.560089286165416
Hà Nội: 556 Nguyễn Văn Cừ (KK),17,0.9998132189671037,0.9574977222185727,0.3469823746322251,0.2851755708952057,-0.3664769332699042,-0.6006368264125451,0.007235080076590547,-0.20271330930610434,0.06996606969605759,0.6028322983540272
Hà Nội: 556 Nguyễn Văn Cừ (KK),18,0.9401728714997296,0.9214742030462133,0.2124776066977696,-0.01235612056054188,-0.040933518737864,-0.3594900080780793,-0.11549070560919969,-0.07108879505508114,0.20800277905361564,0.54424303428514
Hà Nội: 556 Nguyễn Văn Cừ (KK),19,0.9744663980636232,0.9562739351032298,0.04276730657684043,0.12946951645116364,-0.03821197645308691,-0.4058295079474918,-0.27723874752147537,0.1925338458887833,0.44201877521052446,0.5348596432838261
Hà Nội: 556 Nguyễn Văn Cừ (KK),20,0.9964580537378523,0.9738282200989702,-0.12136571527669889,0.19552518247871595,-0.20087791725420823,-0.35402721520523966,-0.5322223242561183,0.3475256066489897,0.534357353068645,0.6250348284594271
Hà Nội: 556 Nguyễn Văn Cừ (KK),21,0.9933707537707356,0.9540106415516846,-0.2867953917845268,0.27238521484350625,-0.22255005860635904,-0.3079703347218797,-0.5168778203545399,0.39416660353710253,0.4484163035330221,0.44291256144655405
Hà Nội: 556 Nguyễn Văn Cừ (KK),22,0.990696011060843,0.9233236253502722,-0.034505263675956944,0.48319336765380566,-0.24600677852204533,-0.3480926229850276,-0.37430209513883855,0.388565815780279,0.3398168692806698,0.19768347574059805
Hà Nội: 556 Nguyễn Văn Cừ (KK),23,0.9918423846056712,0.9495932032828353,-0.12128644905793248,0.32120942597756724,-0.15458919492609619,-0.1804645969664969,0.006167976585004724,0.2213509995893474,-0.01864864054352447,-0.02902563740363991
HCM: Đ. Lê Hữu Kiều - P. Bình Trưng Tây - Quận 2 (Ngã ba Lê Hữu Kiểu và Trương Văn Bang) (KK),0,0.9538141828672257,0.8677753377873045,0.17013534965344906,0.807542144175372,,0.3019672576154359,0.023490743288463494,0.034558668193551176,0.06874850181755546,-0.17232005595511438
HCM: Đ. Lê Hữu Kiều - P. Bình Trưng Tây - Quận 2 (Ngã ba Lê Hữu Kiểu và Trương Văn Bang) (KK),1,0.9438402842051761,0.7511654519487195,0.41233718706296857,0.9421284328059438,,0.17574670587729754,0.044500558990954744,-0.03113681010712366,-0.06699317336789049,-0.07209991176902536
HCM: Đ. Lê Hữu Kiều - P. Bình Trưng Tây - Quận 2 (Ngã ba Lê Hữu Kiểu và Trương Văn Bang) (KK),2,0.9558815185865633,0.778505276927015,0.22194685393784327,0.5955777062097821,,0.127407933834513,-0.10798685127666564,-0.08450434546492766,-0.040804251218785226,0.27212663414186444
HCM: Đ. Lê Hữu Kiều - P. Bình Trưng Tây - Quận 2 (Ngã ba Lê Hữu Kiểu và Trương Văn Bang) (KK),3,0.9474785158231405,0.8139808757638051,0.798730913762531,0.2583473906746032,,0.1427046901765772,-0.28223712758846653,0.10870884868537312,-0.26671788204408975,-0.24773603201289657
HCM: Đ. Lê Hữu Kiều - P. Bình Trưng Tây - Quận 2 (Ngã ba Lê Hữu Kiểu và Trương Văn Bang) (KK),4,0.9515391448251005,0.8270031833415932,0.30339574911187345,0.2521417999466941,,0.04539701460743998,-0.320482320075485,0.20110786981890422,-0.34349321414063944,-0.503646747307778
HCM: Đ. Lê Hữu Kiều - P. Bình Trưng Tây - Quận 2 (Ngã ba Lê Hữu Kiểu và Trương Văn Bang) (KK),5,0.9546713245757218,0.8280236571203626,0.14704263862197758,0.23025770230601894,,-0.0388373290753716,-0.34530539503512675,0.05740594311360138,-0.1357233571281803,-0.6333904518255087
HCM: Đ. Lê Hữu Kiều - P. Bình Trưng Tây - Quận 2 (Ngã ba Lê Hữu Kiểu và Trương Văn Bang) (KK),6,0.9491099927416702,0.8218652421888537,0.05603128370246146,0.6302107883238816,,-0.01515670745938859,-0.22941712677080062,-0.1277783888945018,-0.19887221349909262,-0.400282475606599
HCM: Đ. Lê Hữu Kiều - P. Bình Trưng Tây - Quận 2 (Ngã ba Lê Hữu Kiểu và Trương Văn Bang) (KK),7,0.8254705666884281,0.9701881169732683,,-0.9999999999999999,,0.03779304701685214,0.48294483791619625,-0.4371495971326094,-0.1349599902934536,0.012672673210728696
HCM: Đ. Lê Hữu Kiều - P. Bình Trưng Tây - Quận 2 (Ngã ba Lê Hữu Kiểu và Trương Văn Bang) (KK),8,0.9500402811049078,0.8566907802576463,0.43794174684742565,1.0000000000000002,,-0.12557018952484061,0.1984230405959129,-0.2774658757590076,0.15114197077527525,-0.46406615472670437
HCM: Đ. Lê Hữu Kiều - P. Bình Trưng Tây - Quận 2 (Ngã ba Lê Hữu Kiểu và Trương Văn Bang) (KK),9,0.9825084771045298,0.9764657430335714,,0.9524552391799836,,-0.1870534641355742,0.5873077230360858,-0.6776953984929287,0.8317705189128781,0.3000722879455793
HCM: Đ. Lê Hữu Kiều - P. Bình Trưng Tây - Quận 2 (Ngã ba Lê Hữu Kiểu và Trương Văn Bang) (KK),10,0.9534722659285834,0.8793082627966632,-0.4645522367931812,0.9339575264034997,,-0.10742632122097974,0.2519862887282201,-0.33645766256925286,0.04732445047552459,-0.07051649626420761
HCM: Đ. Lê Hữu Kiều - P. Bình Trưng Tây - Quận 2 (Ngã ba Lê Hữu Kiểu và Trương Văn Bang) (KK),11,0.90183280639489,0.8675281295251158,-0.2549585156779688,0.9127180349140183,,-0.054006158427578735,0.2640247374150764,-0.27784950967953015,0.19379086067778356,-0.07319501142811054
HCM: Đ. Lê Hữu Kiều - P. Bình Trưng Tây - Quận 2 (Ngã ba Lê Hữu Kiểu và Trương Văn Bang) (KK),12,0.7551501735070868,0.5735832805265465,0.5211212500914925,0.8432670177530618,,0.017926499380420742,0.26187058754998194,-0.1907122053968429,0.042830280864059066,-0.23719582105134834
HCM: Đ. Lê Hữu Kiều - P. Bình Trưng Tây - Quận 2 (Ngã ba Lê Hữu Kiểu và Trương Văn Bang) (KK),13,0.9111940506245889,0.795982502829541,0.6225994406933666,0.10608885349974322,,0.06455455984207455,0.18515697961248834,-0.2321213630178759,0.20417421273898137,0.01692786213059889
HCM: Đ. Lê Hữu Kiều - P. Bình Trưng Tây - Quận 2 (Ngã ba Lê Hữu Kiểu và Trương Văn Bang) (KK),14,0.8090927975993274,0.5827975360410874,0.2552730864177457,0.6806440626352327,,-0.01294316870936897,0.1011198320160589,-0.15501137754301844,0.14863927025418788,-0.18259271313108036
HCM: Đ. Lê Hữu Kiều - P. Bình Trưng Tây - Quận 2 (Ngã ba Lê Hữu Kiểu và Trương Văn Bang) (KK),15,0.9573500564795074,0.8039274224243178,0.6555837838857128,0.5504407302047307,,0.03405401647797025,0.01899213268994076,0.012821291464855866,0.5085363934243564,-0.34928713215812063
HCM: Đ. Lê Hữu Kiều - P. Bình Trưng Tây - Quận 2 (Ngã ba Lê Hữu Kiểu và Trương Văn Bang) (KK),16,0.9615183102057893,0.8463946079031517,-0.49948447964100023,0.8642335081960206,,0.00576060496939073,0.1463474832063716,-0.18275965355672266,0.5935035472501277,-0.14662130024048914
HCM: Đ. Lê Hữu Kiều - P. Bình Trưng Tây - Quận 2 (Ngã ba Lê Hữu Kiểu và Trương Văn Bang) (KK),17,0.8332104549760366,0.6939668734096902,0.16661141210441996,0.5720770457680607,,-0.017845532433606145,0.04937890943408588,-0.003343412710863056,0.5192224395896236,-0.29189459418398156
HCM: Đ. Lê Hữu Kiều - P. Bình Trưng Tây - Quận 2 (Ngã ba Lê Hữu Kiểu và Trương Văn Bang) (KK),18,0.8788763381709473,0.7835196210052364,0.2643754404139221,0.4371204041853864,,0.03066864904652359,0.2506034231087483,-0.23098706906861263,0.4805440482405438,0.07498265695632601
HCM: Đ. Lê Hữu Kiều - P. Bình Trưng Tây - Quận 2 (Ngã ba Lê Hữu Kiểu và Trương Văn Bang) (KK),19,0.9313003777072953,0.8039591856086561,0.30178559029459373,0.7023693656524048,,0.13900281598481243,0.22243271459790587,-0.16362869293915255,0.1710480531642381,-0.040034682432587586
HCM: Đ. Lê Hữu Kiều - P. Bình Trưng Tây - Quận 2 (Ngã ba Lê Hữu Kiểu và Trương Văn Bang) (KK),20,0.8658315497445311,0.7245923648470469,0.3331722026289809,0.42853752083248875,,0.251133296151577,-0.0012392233787796093,0.10004381579910801,0.1917224169139749,-0.2074821888866446
HCM: Đ. Lê Hữu Kiều - P. Bình Trưng Tây - Quận 2 (Ngã ba Lê Hữu Kiểu và Trương Văn Bang) (KK),21,0.8948885139445277,0.7955117314576372,0.5398396855490873,0.5182857979224327,,0.35682203840591237,-0.09734761388766429,0.12234307424999488,0.05324050408609689,-0.09512388317271425
HCM: Đ. Lê Hữu Kiều - P. Bình Trưng Tây - Quận 2 (Ngã ba Lê Hữu Kiểu và Trương Văn Bang) (KK),22,0.9620825791640645,0.900121918869374,0.6796749043048972,0.6803956687106038,,0.4275308205773131,-0.05285435038664637,-0.13471062274066029,0.04646978275034096,0.0010841999575370923
HCM: Đ. Lê Hữu Kiều - P. Bình Trưng Tây - Quận 2 (Ngã ba Lê Hữu Kiểu và Trương Văn Bang) (KK),23,0.9726655009475758,0.7818038703024218,0.5434533675937779,0.23846822844326962,,0.28667749021339056,0.018345434095095724,-0.11783468898902723,0.09521031522002628,-0.09525893869907294
Long An: UBND Tp Tân An - 76 Hùng Vương - P.2 (KK),0,0.819165747794835,0.7296542318312914,0.011547535120163394,,-0.11732555041739144,0.2016024344384438,0.04229617841203989,0.1304555877321043,0.14504675622588797,0.0024818511765766138
Long An: UBND Tp Tân An - 76 Hùng Vương - P.2 (KK),1,0.649711485320283,0.47829158606461347,-0.028072003673032198,,0.19589898213797677,-0.2096454215161006,-0.12529635571687178,0.16119885274688284,0.039518668775765084,0.19534448126100493
Long An: UBND Tp Tân An - 76 Hùng Vương - P.2 (KK),2,0.8290275304176922,0.7012223332878732,0.042157860931560515,,0.3677640510903506,0.046433332636555254,-0.20108267554297019,0.26849940605673034,0.08962494619347125,0.07297808237990114
Long An: UBND Tp Tân An - 76 Hùng Vương - P.2 (KK),3,0.7862655122434916,0.6971019341903634,0.08923625929912576,,0.45970264838278413,-0.018498918842013216,-0.09366927410888608,0.36024952927246723,0.08138970570642216,-0.20329941753531483
Long An: UBND Tp Tân An - 76 Hùng Vương - P.2 (KK),4,0.7066625031384791,0.6910325527827487,0.04284752926994492,,0.06719127744242495,-0.0650969649680803,-0.11892536331124809,0.35007342966964633,0.08277725365903468,-0.21456045220663877
Long An: UBND Tp Tân An - 76 Hùng Vương - P.2 (KK),5,0.7287063951892208,0.6763874934427094,0.12294429953908002,,0.24578258218904228,0.06704997962748822,0.08276656757168711,0.059218026095870714,-0.026397967738104527,-0.008509636068799235
Long An: UBND Tp Tân An - 76 Hùng Vương - P.2 (KK),6,0.7735429383717425,0.8461319382581001,0.05378351752735175,,0.3963217721998762,0.012896544230638443,0.10368481183409677,0.14126689328083553,0.09724713176770114,-0.32303159482841354
Long An: UBND Tp Tân An - 76 Hùng Vương - P.2 (KK),7,0.14059804768191642,0.08487452226729698,0.023601966883348167,,0.4841768333203373,-0.5161158983619021,-0.29377469353100444,-0.04184642361516436,-0.13236712540534987,-0.16998974975657563
Long An: UBND Tp Tân An - 76 Hùng Vương - P.2 (KK),8,0.8595357218265868,0.8927774284393994,0.02907885932207357,,-0.6759067917670748,0.09753606383757121,-0.2498086768164434,-0.01813546640667409,0.09833842909276994,-0.3979609238565609
Long An: UBND Tp Tân An - 76 Hùng Vương - P.2 (KK),9,0.7863873593274199,0.6227574773312925,0.39244670487671235,,1.0,-0.18499008120847463,-0.5070425285343023,0.1754199680135128,-0.017355253362520588,-0.1649102045482459
Long An: UBND Tp Tân An - 76 Hùng Vương - P.2 (KK),10,0.41579745679197727,0.2878800876751651,-0.1990564887165263,,0.45561501978129587,-0.2561392487417285,-0.08285591664001035,0.14382111380420376,0.10888535616920934,-0.13343799448154434
Long An: UBND Tp Tân An - 76 Hùng Vương - P.2 (KK),11,0.4800708252394366,0.06949729488256398,-0.06439286687010135,,0.28706889426204824,-0.36455946731695205,-0.2312236974120062,0.015314986873003346,0.19349713624784226,-0.05381108023924198
Long An: UBND Tp Tân An - 76 Hùng Vương - P.2 (KK),12,0.20559049578431962,-0.15872479879927986,-0.1657906432473213,,0.2486887357937023,-0.2990487669096774,-0.15486932889658464,0.21990253868937693,-0.04659982364406983,0.3380189060741302
Long An: UBND Tp Tân An - 76 Hùng Vương - P.2 (KK),13,0.3355425911816556,0.2103605505559073,-0.03913004437837066,,0.09249047528568684,0.049024143015491274,0.001685740148545897,0.08591214038875025,-0.19380196853373663,0.3258887673956375
Long An: UBND Tp Tân An - 76 Hùng Vương - P.2 (KK),14,0.42721034917230394,0.3496487476934057,-0.0010097571804063609,,-0.08407163858540395,-0.17555641324284332,-0.2724181939848216,0.15141260838731824,0.4109103554470913,0.25630231838567746
Long An: UBND Tp Tân An - 76 Hùng Vương - P.2 (KK),15,0.3815206286090033,0.25631246390821005,0.07598569664828589,,0.6125902128379216,-0.023435038547051427,-0.13030225173377488,-0.0634700030164376,0.2455370594983702,0.0019385801896398586
Long An: UBND Tp Tân An - 76 Hùng Vương - P.2 (KK),16,0.36854587408028155,0.585016272636117,-0.07859548964106465,,-0.10873855326781395,-0.185436695854389,-0.4239628250971858,0.360928227024126,0.3768505480949026,0.1199051839921052
Long An: UBND Tp Tân An - 76 Hùng Vương - P.2 (KK),17,0.4155300344765046,0.5466504149333163,-0.06716735753997961,,0.33748874358056846,-0.35835190330617583,-0.07756328542027796,0.10177485284037964,0.3844197986669364,-0.03959272889241342
Long An: UBND Tp Tân An - 76 Hùng Vương - P.2 (KK),18,0.633573951473215,0.6181899839130776,0.08599415875712937,,-0.08474216492987882,0.04415958895379263,-0.1886875166681076,0.0005760596601432066,0.4873814646423132,0.18363421274753294
Long An: UBND Tp Tân An - 76 Hùng Vương - P.2 (KK),19,0.6725210229598739,0.5659533339364429,0.02760902872393175,,-0.20313120548340013,0.09369015565744139,0.14817426716211635,-0.010179045375848234,0.19115315668991542,0.020134593986528077
Long An: UBND Tp Tân An - 76 Hùng Vương - P.2 (KK),20,0.820072986242465,0.6999038043157269,-0.0053663223710121895,,-0.14158150076056258,-0.027901216935585088,0.1186917420963205,0.08376601495823567,0.344674511819431,-0.03782707457245325
Long An: UBND Tp Tân An - 76 Hùng Vương - P.2 (KK),21,0.6904593691022831,0.5883616142596849,-0.1422311530979478,,-0.09714655502244011,0.10742469136700056,-0.11972859338711936,0.12212827539799637,0.04704052236532457,-0.09650625920908805
Long An: UBND Tp Tân An - 76 Hùng Vương - P.2 (KK),22,0.7130539721472299,0.5288419260994732,-0.1326094595384534,,-0.04956231467706643,-0.11999679305100794,-0.020560875040171105,-0.014207867901421247,0.027814778672976877,0.09723092536612334
Long An: UBND Tp Tân An - 76 Hùng Vương - P.2 (KK),23,0.7317385898463645,0.5913215280862814,-0.10623921158221689,,0.0818738653942398,-0.13367974944904396,0.020832423062738418,0.1320745448516046,0.12190828425377001,0.17897729048990688
Hà Nội: ĐHBK cổng Parabol đường Giải Phóng (KK),0,0.973735740586892,0.8781069872134996,-0.2850122767489012,0.5950284111643503,0.33154023237197977,-0.4460645731772225,-0.3157928806566744,0.34841566025761234,0.2039258547640447,0.2619739579601783
Hà Nội: ĐHBK cổng Parabol đường Giải Phóng (KK),1,0.9661188269951668,0.8447864559493077,0.05694870742193888,0.49208519969061143,0.20120362822422852,-0.44093665672350546,-0.18156192508880262,0.27665502674211684,0.16085847544045248,-0.04861644404475341
Hà Nội: ĐHBK cổng Parabol đường Giải Phóng (KK),2,0.9705313079323228,0.8229802811346395,0.36362597985143746,0.5553051620058411,0.1089730179483391,-0.35555942256925704,-0.09812062870306969,0.33646262329970184,0.09361898697982507,-0.19090308125585245
Hà Nội: ĐHBK cổng Parabol đường Giải Phóng (KK),3,0.9729360663488062,0.8728125522073898,0.17976893641001987,0.8110854326527681,0.0691849570335567,-0.3523537367361854,-0.09737330500780297,0.3138731495214691,0.08646445304968611,-0.17057219013288888
Hà Nội: ĐHBK cổng Parabol đường Giải Phóng (KK),4,0.9890577258349614,0.932870976761365,-0.03171075816924042,0.6123226655976426,0.15556879358907802,0.1388731669317826,-0.2955875534175426,0.3253399921526769,0.3438367097398144,-0.2827024109362272
Hà Nội: ĐHBK cổng Parabol đường Giải Phóng (KK),5,0.9737181827059272,0.879143648247062,-0.13824075941667743,0.8584815262644372,0.149195197995399,-0.4971889587500118,-0.3548240352784083,0.32706581428108317,0.44073150868388705,-0.1847122231153575
Hà Nội: ĐHBK cổng Parabol đường Giải Phóng (KK),6,0.9891984819682806,0.9555397211444759,-0.004611521286580031,0.885592761331443,0.06547501183993135,-0.544853622891092,-0.4634369610576731,0.2240726862603001,0.474741778484751,-0.21045826071542065
Hà Nội: ĐHBK cổng Parabol đường Giải Phóng (KK),7,0.9999675614360075,0.9611125616113191,0.6840322392467655,1.0,-0.21757555867714454,-0.5808922216018382,-0.436842436531682,-0.11831718232559724,0.15602336278073628,-0.3875974689886433
Hà Nội: ĐHBK cổng Parabol đường Giải Phóng (KK),8,0.8347396723888906,0.7351201749206985,0.2415285550639623,0.7388060765035104,0.161216879894287,-0.25210664982076814,-0.4664902021467111,0.01572145965320259,0.6441320599824195,-0.31482093546937234
Hà Nội: ĐHBK cổng Parabol đường Giải Phóng (KK),9,0.9999200631261936,0.8366910078948524,0.9000313217393608,0.8257062031080752,-0.3618984395902459,-0.4106445006066368,-0.5028852598936593,0.5180985453371201,0.18688036773471609,0.6000397941673503
Hà Nội: ĐHBK cổng Parabol đường Giải Phóng (KK),10,0.9900468805774163,0.9195062367749097,0.4332694721961309,0.8049870850618653,0.03265900023458433,-0.09790719974710964,0.08106399709029727,-0.2397920191053147,0.1930571609280949,-0.25294084314617465
Hà Nội: ĐHBK cổng Parabol đường Giải Phóng (KK),11,0.991148682223141,0.9109803302872947,0.3721089734302939,0.7164956473788593,0.1553232559543567,-0.019625727033827593,0.05984624721274398,-0.2623608793324167,0.20731030463467412,-0.19467505230455562
Hà Nội: ĐHBK cổng Parabol đường Giải Phóng (KK),12,0.9969439782397165,0.9211802535291731,0.15357136361423437,0.8429443393072925,0.2258325936725327,-0.09003769231371686,0.08745339133241886,-0.26186506445231844,0.13075729616361773,-0.012747181006406592
Hà Nội: ĐHBK cổng Parabol đường Giải Phóng (KK),13,0.9986400006315926,0.9219858709727297,-0.07668754456184924,0.7885090967570618,0.39515117688399937,-0.05204275317738667,0.21926182566936855,-0.28534624400952174,-0.01727869519914372,-0.0011328253562084196
Hà Nội: ĐHBK cổng Parabol đường Giải Phóng (KK),14,0.9996231059713668,0.9054367391635796,-0.3109607689977981,0.8749558252748517,0.23005255731741495,-0.23483597974664108,0.17636229270886855,-0.20507059195110933,0.015551433557917632,-0.08212845788166197
Hà Nội: ĐHBK cổng Parabol đường Giải Phóng (KK),15,0.9588778707826419,0.8986799074557477,-0.2900952085346875,0.8109321144258288,0.3532221940541658,-0.10029194141590703,0.13180220265611506,-0.11852893972033005,-0.01648740615815733,-0.02709032060968024
Hà Nội: ĐHBK cổng Parabol đường Giải Phóng (KK),16,0.9891986984845103,0.9067819058554543,-0.02440864530212098,0.9035727454662438,0.21584626673540216,-0.2055228561652226,-0.07642589128748298,-0.004829892598861819,0.20234012425131345,0.4781430948645871
Hà Nội: ĐHBK cổng Parabol đường Giải Phóng (KK),17,0.9982235870223981,0.9144629722306576,-0.01798251912275341,0.8196004287409897,0.20864336553078786,-0.30091148351712316,-0.2167349614848415,0.0769262459072302,0.3446970280673646,0.583701133531464
Hà Nội: ĐHBK cổng Parabol đường Giải Phóng (KK),18,0.9966229118831802,0.9210348416602997,0.009890977509510042,0.7728932108008953,0.18150952201020662,-0.3943356720694091,-0.24743761514417975,0.040259726351035606,0.4681252289031652,0.43243757557664925
Hà Nội: ĐHBK cổng Parabol đường Giải Phóng (KK),19,0.9952402337221595,0.9262937111801249,-0.0593398952505351,0.7251727083039432,0.1527832716847244,-0.30028055096458817,-0.2822943869120923,0.20846514605118668,0.5569495116024087,0.4457554508773655
Hà Nội: ĐHBK cổng Parabol đường Giải Phóng (KK),20,0.995843146135561,0.9219541564435152,-0.3294893635564722,0.38770701360557674,0.14970894273942445,-0.22465853346498646,-0.3496379775615397,0.12440845808345984,0.5402304924173525,0.5810787339534151
Hà Nội: ĐHBK cổng Parabol đường Giải Phóng (KK),21,0.9951183502345191,0.9134183095933598,-0.39192189080787415,0.5101527649510103,0.3410320170693468,-0.20363268785784522,-0.4449644086071536,-0.018905651203204615,0.4366130838690387,0.6623307701012171
Hà Nội: ĐHBK cổng Parabol đường Giải Phóng (KK),22,0.9443080908539335,0.8889835671971797,-0.28230782914953895,0.39618384831825837,0.5849133320964248,-0.05190161854592888,-0.36123165665290785,-0.022033194284061003,0.255678759016722,0.5421074384082976
Hà Nội: ĐHBK cổng Parabol đường Giải Phóng (KK),23,0.9593732427151619,0.8852928350422877,-0.32292257169766136,0.31999128146513783,0.44703720733456936,-0.2158121950895024,-0.3662757616138707,0.014959737030695662,0.2099542739950071,0.3774118734076889
Hà Nội: Công viên Nhân Chính - Khuất Duy Tiến (KK),0,0.957221436038934,0.8778236936915436,0.4065571842987339,-0.3562498442995263,-0.10298217206337834,-0.022829481640266925,-0.10676156260165831,0.21616900551740204,0.049244915102020226,0.21505887747137717
Hà Nội: Công viên Nhân Chính - Khuất Duy Tiến (KK),1,0.9447958945257342,0.8713882353194768,0.4157738418083882,-0.2654749401024472,-0.47526263902987187,0.10777585959673651,-0.04480970915235085,0.2591086172291265,0.04190780127406963,0.09336215415158632
Hà Nội: Công viên Nhân Chính - Khuất Duy Tiến (KK),2,0.9560119665057663,0.8679534648604904,0.3421338798287043,-0.28410201083144687,-0.17116778181796816,-0.1465280755546964,-0.17872744286756714,0.3368927975270911,0.08421159859618382,0.25207528960642683
Hà Nội: Công viên Nhân Chính - Khuất Duy Tiến (KK),3,0.960331851666274,0.8277976045686481,0.4334896957746715,-0.3708719139514824,-0.2825593020673357,-0.047820044659240904,-0.08225784027198656,0.31543934210383845,0.031134648556003165,0.14198296127302643
Hà Nội: Công viên Nhân Chính - Khuất Duy Tiến (KK),4,0.9747264976972945,0.8411730619469012,0.4739854759444469,-0.5112431599118262,0.194418725099802,0.1851318448766795,-0.10880166250159347,0.40684935739065714,0.08824386190614188,0.134079157612416
Hà Nội: Công viên Nhân Chính - Khuất Duy Tiến (KK),5,0.9665180943146362,0.8720819246631185,0.4220566926662962,-0.3565042267966314,0.11937864024663741,-0.12599645081392072,-0.18361121381445755,0.28959734264767684,0.25308210743594367,0.2077055566600904
Hà Nội: Công viên Nhân Chính - Khuất Duy Tiến (KK),6,0.9300614945996402,0.8829844676395303,0.5211834167368503,-0.39964439518576467,-0.007071555522152428,0.09300732314805742,-0.15318214231351981,0.2053843953165343,0.1945537411886745,0.3287458419810925
Hà Nội: Công viên Nhân Chính - Khuất Duy Tiến (KK),7,0.8559156824315177,0.9693876946705696,-0.8105160585887642,0.9960564619663036,0.9220474918802253,-0.09198440996365476,-0.832239719563824,0.4128562135641077,0.7838506227898444,-0.9520280470271408
Hà Nội: Công viên Nhân Chính - Khuất Duy Tiến (KK),8,0.9866989240422895,0.9457858426251867,0.6191651643958097,-0.3591048593028195,-0.2884295831759365,0.41298986251987374,-0.06080174780782488,-0.26204547187137545,0.23558277680000747,0.16998170989795444
Hà Nội: Công viên Nhân Chính - Khuất Duy Tiến (KK),9,0.9952532662728433,0.7877029989017392,0.5188145100246296,0.6115619202968138,-0.6057740586075434,0.14302532863932918,-0.5051871051987054,0.3483064405095914,0.3141746370259573,0.5925783016584373
Hà Nội: Công viên Nhân Chính - Khuất Duy Tiến (KK),10,0.9938164866930246,0.937702189490981,0.40612985899236737,-0.2089774804422192,0.20903724229170767,0.17380569209701735,0.01565093948381539,-0.21179544173373854,0.12931225177323621,-0.07896823551443738
Hà Nội: Công viên Nhân Chính - Khuất Duy Tiến (KK),11,0.9896805910502651,0.9410068857097643,0.4792927214261115,-0.22364372759646184,0.1900353291231573,0.04015587667345828,-0.03284520665658063,-0.14347492160754727,0.1883141216838887,-0.07408994242163776
Hà Nội: Công viên Nhân Chính - Khuất Duy Tiến (KK),12,0.9808682614420066,0.9309809515912296,0.6228153629432546,-0.27204111287090976,0.15543810963979193,0.02429983299299793,-0.08523575311869125,-0.1418772062546734,0.1733580047229108,0.002493021019781271
Hà Nội: Công viên Nhân Chính - Khuất Duy Tiến (KK),13,0.9826550046847247,0.9247514286488937,0.5047850828229455,-0.3142033677253987,0.14696697604179404,0.14401717426397154,-0.006499934922830342,-0.17501297518865336,0.08416655837748775,-0.02374873620826298
Hà Nội: Công viên Nhân Chính - Khuất Duy Tiến (KK),14,0.9925820579449338,0.9402678817838337,0.43672149625454104,-0.22575615653590994,0.10631788858703284,0.13989211418147915,-0.13275954882399507,-0.08247059911033348,0.2222013443424398,-0.030061705184842746
Hà Nội: Công viên Nhân Chính - Khuất Duy Tiến (KK),15,0.9956634268329636,0.9403068001589294,0.42233259711201776,-0.19945721661262436,0.1678451074803249,0.1882274376629106,-0.18324458111871625,-0.04517420631375739,0.22219561019168624,0.0752683237592092
Hà Nội: Công viên Nhân Chính - Khuất Duy Tiến (KK),16,0.9961323759618266,0.9332582480515503,0.5214541861718788,-0.12440395789056907,0.1124267235342758,-0.06021411340777523,-0.23482932750873178,0.08689600658151124,0.24471172655871304,0.5973504721661501
Hà Nội: Công viên Nhân Chính - Khuất Duy Tiến (KK),17,0.9934274393582313,0.9408051906858628,0.43628830108397115,-0.15700232904085595,0.13606976777971938,-0.04755536149792684,-0.1848053424959839,0.01676595442676696,0.3056366933373035,0.6500510168318328
Hà Nội: Công viên Nhân Chính - Khuất Duy Tiến (KK),18,0.9848347899720751,0.954605241514765,0.3826957973355298,-0.04202089293388796,0.02035671159685352,-0.060535667428685824,-0.15428144273259833,0.06528032264030019,0.4054476500150382,0.394599588837832
Hà Nội: Công viên Nhân Chính - Khuất Duy Tiến (KK),19,0.9918620845319354,0.9436991821503161,0.08256705101892989,-0.18212697614242404,0.15042094337514092,0.07201073347745568,-0.1702971969048054,0.15626625020449333,0.4391697307449813,0.3832719926409744
Hà Nội: Công viên Nhân Chính - Khuất Duy Tiến (KK),20,0.9885787597938671,0.9505754192638256,0.08164814982518909,-0.2506086605633503,0.2068518991785606,0.11856264041840382,-0.2966903651070449,0.09712014183217506,0.38072891271137393,0.4128837003341493
Hà Nội: Công viên Nhân Chính - Khuất Duy Tiến (KK),21,0.9903683238843484,0.9159010172392716,0.11631126407592804,-0.23896533266672443,0.1497832836814856,0.12470348734457772,-0.3235969449070454,0.04503210153246626,0.2381771313901506,0.5478145641214521
Hà Nội: Công viên Nhân Chính - Khuất Duy Tiến (KK),22,0.980799439860738,0.8968715661103261,0.3777718765181087,-0.25988771317967463,0.09986463684772534,0.26364784832867844,-0.19262499000411334,0.028811574645944058,0.007730378266238543,0.4200254530714482
Hà Nội: Công viên Nhân Chính - Khuất Duy Tiến (KK),23,0.9711324329526009,0.9024775007089606,0.5019012284044247,-0.2484446570993781,-0.02484393856955816,0.08257242595770635,-0.054862920375202344,0.02199588156565523,-0.06175823724549143,0.2599051501929581
Đà Nẵng: Khuôn viên trường ĐH sư phạm Đà Nẵng (KK),0,0.9985142203431049,0.9107738317265237,0.5441840193701342,0.6119505283251087,0.04285884020761677,-0.13950399184212806,0.11497013131800932,-0.11057708764626707,0.18324836567864014,-0.3578409945986362
Đà Nẵng: Khuôn viên trường ĐH sư phạm Đà Nẵng (KK),1,0.9980597645502192,0.9185370669007361,0.510720111786458,0.6109768878645081,0.18440728834932393,-0.2664333623581344,0.07099919501358877,-0.07140865333136234,0.22056118830460736,-0.3175362328164025
Đà Nẵng: Khuôn viên trường ĐH sư phạm Đà Nẵng (KK),2,0.9988232411446489,0.9277939673226454,0.47106889964039333,0.6396307715722329,0.3125950206671658,-0.28624095556549706,0.04761647796125921,-0.03126530335564421,0.26240579298195604,-0.18835467308606096
Đà Nẵng: Khuôn viên trường ĐH sư phạm Đà Nẵng (KK),3,0.9993884209254793,0.9063913509403138,0.3991801294257253,0.48454884814498195,0.53274870192769,-0.24924397991027902,-0.13086410050198785,0.07567397688208286,0.27072143311248864,-0.18999345237503942
Đà Nẵng: Khuôn viên trường ĐH sư phạm Đà Nẵng (KK),4,0.9963728628990326,0.9077721409469148,0.4299923598978985,0.45487141674786885,0.34097221123403926,-0.043405646659795454,-0.19457153897784155,0.030345794833316425,0.3019965559498579,0.024412184155546326
Đà Nẵng: Khuôn viên trường ĐH sư phạm Đà Nẵng (KK),5,0.9968114849561243,0.9033388988434359,0.39900513404244814,0.3425732634283406,0.19098475251984542,-0.258269748958722,-0.2298951429810353,0.08367562954721207,0.3712589096147494,-0.33089155301973344
Đà Nẵng: Khuôn viên trường ĐH sư phạm Đà Nẵng (KK),6,0.997890507431243,0.9098576568656096,0.42771147362725426,0.3340447645472245,0.474927678526462,-0.14910814136614484,-0.2742891740651878,0.10811324924862092,0.41471811006058973,-0.27820595237810913
Đà Nẵng: Khuôn viên trường ĐH sư phạm Đà Nẵng (KK),7,1.0,1.0000000000000002,1.0,1.0,1.0,-1.0000000000000002,1.0,-1.0,1.0,-1.0
Đà Nẵng: Khuôn viên trường ĐH sư phạm Đà Nẵng (KK),8,0.9983663819655764,0.8366389408382812,0.2668357301086357,0.5100832534647226,0.6017682437623667,-0.26403163963056264,-0.07996802561325693,-0.026236978913557994,0.4419095676022715,0.024849763180085336
Đà Nẵng: Khuôn viên trường ĐH sư phạm Đà Nẵng (KK),9,0.9997942105097634,0.9221950094446353,0.7645645559513761,0.6129262944204568,0.9112556600454909,0.12026653739256468,-0.05623448154082414,-0.17175213064179654,0.0035369268451576584,0.5101491586510679
Đà Nẵng: Khuôn viên trường ĐH sư phạm Đà Nẵng (KK),10,0.9854932642072454,0.8460736714748073,0.44560840316676986,0.4937825099606565,0.6426264365942984,-0.2896202756018363,0.17649889645075542,-0.2540536705382769,0.5005708585244795,-0.2838334559384639
Đà Nẵng: Khuôn viên trường ĐH sư phạm Đà Nẵng (KK),11,0.9805234271808089,0.8756384047684275,0.5801434342680888,0.6974079784717762,0.674207684180429,-0.15130450741780974,-0.029255167988662695,0.010970211889834481,0.5084641739073186,0.0032753508141673783
Đà Nẵng: Khuôn viên trường ĐH sư phạm Đà Nẵng (KK),12,0.9777906190727509,0.8929546720997227,0.5419312776010767,0.7112845552171898,0.4925541760016844,-0.1075052171763924,-0.09729305427025721,0.05842248903716353,0.44734935225281164,-0.2868787526518319
Đà Nẵng: Khuôn viên trường ĐH sư phạm Đà Nẵng (KK),13,0.9795195439837114,0.9182927887498835,0.5201084629057918,0.5308518077582219,0.5949190951154883,-0.027539113861607196,0.00897398643406746,-0.0593883085846593,0.37037688166004595,-0.2247254163251487
Đà Nẵng: Khuôn viên trường ĐH sư phạm Đà Nẵng (KK),14,0.9878118624758676,0.9364954335221929,0.4497808535269277,0.32622662636897803,0.3375220653259809,-0.26100786021316075,-0.08411104774669528,0.07502284786872371,0.2627331315887271,-0.39445808574884017
Đà Nẵng: Khuôn viên trường ĐH sư phạm Đà Nẵng (KK),15,0.9850268516212776,0.9209005430775058,0.5248470466302457,0.29478454770224954,0.3333350948351876,-0.06400483052698347,0.008846239455337322,0.02685454493646705,0.18406968660348594,-0.4533275386582595
Đà Nẵng: Khuôn viên trường ĐH sư phạm Đà Nẵng (KK),16,0.9363022549783769,0.8963640020603231,0.6340525367993461,0.41113400937227906,0.4623394007939961,0.0345489394334706,-0.09643524847315765,-0.0014529599093963043,0.22798939108119792,-0.4520778458739095
Đà Nẵng: Khuôn viên trường ĐH sư phạm Đà Nẵng (KK),17,0.9697381740064688,0.9198302499770338,0.6909226193781526,0.5901622881184104,0.4427226479211722,-0.037190540877383736,-0.18319471723295663,0.09882956519952983,0.1954010973916335,-0.11001272111126248
Đà Nẵng: Khuôn viên trường ĐH sư phạm Đà Nẵng (KK),18,0.9783822273987651,0.9243760799548165,0.7097026989874806,0.5081473040430154,0.4060588335766733,0.03734163865258114,-0.14028533855179323,0.12287786261135765,0.19610186157204715,-0.09254561982302331
Đà Nẵng: Khuôn viên trường ĐH sư phạm Đà Nẵng (KK),19,0.9910380972204079,0.9385287510896879,0.746064546718457,0.510933902347977,0.5401264141979001,-0.12082721980800541,-0.08369373947822686,0.003959249284931909,0.23472170109329832,-0.4065095245891275
Đà Nẵng: Khuôn viên trường ĐH sư phạm Đà Nẵng (KK),20,0.9951034247260513,0.9418735916067803,0.6322452124902938,0.45492793309783425,0.5829547107537268,-0.011134219232820068,0.051305976100824095,-0.13178446285962422,0.20662001881890887,-0.4038821407227642
Đà Nẵng: Khuôn viên trường ĐH sư phạm Đà Nẵng (KK),21,0.9941894701244676,0.9283759662300395,0.6490545621101098,0.34645353706432414,0.3226507700886634,-0.10454458066798354,0.072298327010624,-0.07227811607211879,0.17483410363443305,-0.2518985405702292
Đà Nẵng: Khuôn viên trường ĐH sư phạm Đà Nẵng (KK),22,0.9973406763480078,0.9235548862159914,0.6553408755869007,0.280355641522901,0.2904387745694904,0.025673374619818296,0.29676984934928263,-0.30171398371050245,0.23358555808609702,-0.39305863984616324
Đà Nẵng: Khuôn viên trường ĐH sư phạm Đà Nẵng (KK),23,0.9954493479917184,0.913571426558968,0.6603835001365532,0.24123347766091058,0.10956845958916551,0.09914350211226974,0.2107919211083247,-0.1686354234996039,0.21714060377998254,-0.6044862521471536
Thái nguyên: Đường Hùng Vương - Tp Thái Nguyên (KK),0,0.9678451208128691,0.8750775651785413,0.31199014287901666,-1.0,,-0.2203475822105196,-0.4532654811091268,0.09524883328550587,0.4343910508458383,0.2528312492749725
Thái nguyên: Đường Hùng Vương - Tp Thái Nguyên (KK),1,0.9373523403987614,0.8551305187586746,0.3606853962829378,-0.9999999999999998,,-0.22061711426257483,-0.38536052556116157,-0.16578750118273364,0.39814623300197405,-0.2845296922268124
Thái nguyên: Đường Hùng Vương - Tp Thái Nguyên (KK),2,0.9580112344825511,0.8649531584567263,0.34626998934599656,-1.0000000000000002,,-0.10844247851508727,-0.3323467607994199,-0.08475212212252642,0.34811797029582503,-0.15648861521998036
Thái nguyên: Đường Hùng Vương - Tp Thái Nguyên (KK),3,0.9510156436364902,0.8523350114738099,0.2629374543216402,-1.0000000000000002,,0.030602260464034924,-0.41737870866825216,-0.212348143653125,0.4151058663774895,-0.12754668176070813
Thái nguyên: Đường Hùng Vương - Tp Thái Nguyên (KK),4,0.966660874408659,0.8869888181266394,0.21169566993986258,-1.0000000000000002,,0.07464233830540112,-0.4431212255198025,0.08230140121620447,0.4115819893566943,-0.0011462256073971227
Thái nguyên: Đường Hùng Vương - Tp Thái Nguyên (KK),5,0.9995502082598773,0.8343796811757191,0.4076378245306108,0.9999999999999993,,0.005312683186199308,-0.26612778932627956,0.2416741550806774,0.33047812917254754,-0.056193367210611876
Thái nguyên: Đường Hùng Vương - Tp Thái Nguyên (KK),6,0.9952942080580289,0.7376761093135927,0.23417922621344817,0.9999999999999994,,-0.04091249068485698,-0.26753404593425223,0.1146944045650624,0.13027615338761664,0.16582017012549327
Thái nguyên: Đường Hùng Vương - Tp Thái Nguyên (KK),7,0.9083429114644772,0.8660245574947583,0.5350265996060202,1.0,,-0.5659730013649386,-0.40808348111004844,0.2959876930307405,-0.17057435958964198,0.5509821520999839
Thái nguyên: Đường Hùng Vương - Tp Thái Nguyên (KK),8,0.8756752679901809,0.45746025004288465,0.21696847113401743,,,0.017671238085155413,-0.057771812949429825,-0.3039402453879365,0.3073121669597911,0.2332126848375711
Thái nguyên: Đường Hùng Vương - Tp Thái Nguyên (KK),9,0.9904206654891897,0.5313495337603089,0.6374778054555871,,,0.34630922288089155,0.009844012771286792,0.1919888922428591,-0.33556577121458353,0.5269526963832647
Thái nguyên: Đường Hùng Vương - Tp Thái Nguyên (KK),10,0.9965453198246241,0.6052173403311804,0.008545943886317516,1.0000000000000002,,-0.04681864634847056,0.05231862324062557,-0.3012116605453135,0.13232677210741403,0.014547476954626042
Thái nguyên: Đường Hùng Vương - Tp Thái Nguyên (KK),11,0.999353518166363,0.6978405340773585,0.5529010084421457,1.0,,0.3795920523095647,0.0636632791452796,-0.3174775155769431,0.23282977318840217,-0.20643366785810366
Thái nguyên: Đường Hùng Vương - Tp Thái Nguyên (KK),12,0.9902073421381785,0.8081922387100622,0.502854655928715,1.0,,0.30331335573478374,0.10324048316642484,-0.43404377904554203,0.08458967917969,-0.2504855929205397
Thái nguyên: Đường Hùng Vương - Tp Thái Nguyên (KK),13,0.9268757784926288,0.6607419241269752,0.3837442390804702,-0.9999999999999999,,0.3477868671675422,0.18566800128818206,-0.4174842584270883,0.024457328052072066,0.036811204691558935
Thái nguyên: Đường Hùng Vương - Tp Thái Nguyên (KK),14,0.9903150169240306,0.6881498308392994,0.5570784652340404,-1.0,,0.21045057477482237,-0.01233976561263213,-0.172792671734671,0.18257065969406472,0.3599352429599798
Thái nguyên: Đường Hùng Vương - Tp Thái Nguyên (KK),15,0.9796774942122377,0.8240936670029864,0.3579678057330348,1.0,,0.08382309049521995,0.06722323729761726,-0.20867670107281863,0.13809450938352702,0.1556739134892226
Thái nguyên: Đường Hùng Vương - Tp Thái Nguyên (KK),16,0.9966596332442663,0.8120826826602978,0.5749971558890438,1.0000000000000002,,-0.09256097478297601,-0.009235008733738202,-0.11192553456479193,0.135136248757793,0.34879493400965217
Thái nguyên: Đường Hùng Vương - Tp Thái Nguyên (KK),17,0.9995123117957827,0.855417196177712,0.030919830227305344,0.9999999999999998,,-0.12945567421813448,-0.07304125255993953,-0.15893080218523087,0.09083431863563576,0.4883705673259056
Thái nguyên: Đường Hùng Vương - Tp Thái Nguyên (KK),18,0.9962781576971891,0.8399848941872762,0.6744582277528126,1.0,,0.15188584876768135,-0.1666114100604354,0.02340733060071999,0.11925053318818916,0.5245888707639317
Thái nguyên: Đường Hùng Vương - Tp Thái Nguyên (KK),19,0.9941896495408297,0.7799732439478779,0.5238520524656433,-1.0000000000000007,,0.2960100106840857,0.018664072255167752,0.10411156229798167,-0.08261172638719205,0.4242944089653674
Thái nguyên: Đường Hùng Vương - Tp Thái Nguyên (KK),20,0.9939699359950765,0.7369220329214309,0.4327766190646837,-1.0000000000000007,,0.28243933178230923,-0.07920515303338956,0.31888900181462604,-0.0008061895570025628,0.4213848267782891
Thái nguyên: Đường Hùng Vương - Tp Thái Nguyên (KK),21,0.9921898968023399,0.7911655107251251,0.38625317739836124,0.9999999999999999,,0.26792601016130213,-0.17544315043457145,0.3697415022449739,0.13452964163267214,0.4549647038014821
Thái nguyên: Đường Hùng Vương - Tp Thái Nguyên (KK),22,0.9981076730892683,0.872886340563821,0.13668131192384195,0.9999999999999998,,0.0777895089467994,-0.25534402228800085,0.3096244472520149,0.18029000277407814,0.5004694691637608
Thái nguyên: Đường Hùng Vương - Tp Thái Nguyên (KK),23,0.9783392793143197,0.8698954265029193,0.27591838252034523,-1.0,,0.09062718554028824,-0.23277523921381846,0.13375160866839933,0.14083583152999443,0.32968354123657834
Phú Thọ: đường Hùng Vương - Tp Việt Trì (KK),0,0.9967647606049617,0.9867937419540282,0.41301758042182063,0.3085355957078618,0.010724502251690842,0.46803588565691706,-0.12497434897503769,-0.05344717346923063,0.05095803363947381,0.43043905724223913
Phú Thọ: đường Hùng Vương - Tp Việt Trì (KK),1,0.9975117249675035,0.9916120665328697,0.30095736205780166,0.2991380267215631,0.030440519044758443,0.39599986651546715,-0.29557287959455614,-0.020237880194955753,0.16365607385366607,0.37808499925150807
Phú Thọ: đường Hùng Vương - Tp Việt Trì (KK),2,0.9994197743406987,0.9783352785108353,0.16472499858610465,0.1714825118325191,-0.06406240418371174,0.28217949677127924,-0.48452740001753514,0.10189516358292437,0.31498587331067907,0.2631157265379471
Phú Thọ: đường Hùng Vương - Tp Việt Trì (KK),3,0.999454759367593,0.9854481944020951,0.1547187156630436,0.25686251822063805,-0.1662977358247014,0.34425514422661035,-0.34574459170089117,0.0970402899489185,0.17193150880764058,0.28851104563673236
Phú Thọ: đường Hùng Vương - Tp Việt Trì (KK),4,0.9982255811109975,0.9915357065644739,0.11717630829289628,0.28873370502108847,-0.04505695794983655,0.3354802813611484,-0.2644728005168996,0.17484036054076904,0.06183838435863338,0.22439111067561848
Phú Thọ: đường Hùng Vương - Tp Việt Trì (KK),5,0.9932534821622151,0.9865673004019068,0.11793251218156604,0.2132931702607958,-0.10310926348200643,0.3451867111522513,-0.20292998754277106,0.12624226298064664,0.0348165292540142,0.19144649132343838
Phú Thọ: đường Hùng Vương - Tp Việt Trì (KK),6,0.9932660476030808,0.9836023193570055,0.15057296016313906,0.18002092662599606,-0.3023943457975095,0.35776403922435845,-0.2680179352527687,0.10704897481468359,0.12410622593547266,0.21986815667071785
Phú Thọ: đường Hùng Vương - Tp Việt Trì (KK),7,0.9999759684269351,0.9884745763328711,0.4799426338158751,0.46218814148452325,-0.4503931594852358,0.8107580670189349,-0.439113289155122,0.007980802950137507,0.013294644068488758,-0.1508631693108604
Phú Thọ: đường Hùng Vương - Tp Việt Trì (KK),8,0.9889038423544995,0.9862863465013719,0.14436766214948638,0.17559972159304063,-0.16149624839033877,0.26181731985550705,-0.15732536658722096,0.014828605181236285,0.2138209767133095,0.3605126798876245
Phú Thọ: đường Hùng Vương - Tp Việt Trì (KK),9,0.9999693734000367,0.9922198880755745,0.2752767170488824,0.11833414572175777,-0.23742714698392012,-0.6006037833615057,-0.7630437446241323,0.2538443814825513,0.22105123641442956,0.23964411129426505
Phú Thọ: đường Hùng Vương - Tp Việt Trì (KK),10,0.9984643399604556,0.9915058493245312,0.23809234810036842,0.42330915653896345,-0.02178609160011979,0.22445585163896772,0.1089995736753358,-0.12935242419087534,-0.030830275820105592,-0.2818300007700865
Phú Thọ: đường Hùng Vương - Tp Việt Trì (KK),11,0.9966910492670892,0.9907323930941933,0.2218316198210887,0.42517966545382296,0.15385345196978942,0.10561550278223805,0.12460320599215796,-0.07609033024902664,0.037619164411057886,-0.30817961405971617
Phú Thọ: đường Hùng Vương - Tp Việt Trì (KK),12,0.9969955589015956,0.992940457745568,0.21445882353476162,0.4511565331958975,0.25189280719617924,0.0821272131402955,0.1391766997118906,-0.11247660479455054,0.025380158232368652,-0.13788054276454867
Phú Thọ: đường Hùng Vương - Tp Việt Trì (KK),13,0.9947250348039209,0.9901406175973015,0.20173527663325486,0.4554548061111058,0.2775940068651054,0.003344707705185613,0.17509365727081333,-0.14453920442166968,-0.0375752178190304,0.14456471363951168
Phú Thọ: đường Hùng Vương - Tp Việt Trì (KK),14,0.9942840570681118,0.9890848168306496,0.2165674405260793,0.43388174288778797,0.21117284508811038,-0.09049587570450869,0.004500959616273157,-0.042221458961017574,0.13176454011367522,0.552554729186636
Phú Thọ: đường Hùng Vương - Tp Việt Trì (KK),15,0.9957511777444709,0.9913848355996969,0.21479607208076112,0.43334542761631056,0.32496480636873004,-0.07599384394251973,-0.02922386873479962,0.015062550159568708,0.18552309164482114,0.6358435032259452
Phú Thọ: đường Hùng Vương - Tp Việt Trì (KK),16,0.9967238194273179,0.9893041218501255,0.28820819380173157,0.4621032765386707,0.44930943621591235,0.03957127574605402,-0.12990572285563484,0.08819749501760484,0.16896474543463094,0.6678252937173866
Phú Thọ: đường Hùng Vương - Tp Việt Trì (KK),17,0.9984720971084454,0.9902572953623928,0.34922143852217385,0.4717003284080907,0.41212610811978373,0.4391618769723935,-0.06445565201807459,-0.03379120939262128,0.21646834208858276,0.4422098389105603
Phú Thọ: đường Hùng Vương - Tp Việt Trì (KK),18,0.9949452149526126,0.9867250409408022,0.22465037119931913,0.3710838231701873,0.05654845977750807,0.40592925295569426,-0.22762822485150477,0.1477983298592709,0.2990855983643403,0.27778838857996146
Phú Thọ: đường Hùng Vương - Tp Việt Trì (KK),19,0.9999712213991436,0.9930887506191179,0.3373004693108845,0.47041692589294926,0.15589966127926583,0.45484165940769783,-0.17501005748053125,0.18532301296511064,0.26058654057127023,0.3828243444976779
Phú Thọ: đường Hùng Vương - Tp Việt Trì (KK),20,0.9998508388088486,0.9935094559773966,0.3814321006150011,0.4636064647641959,0.11598640854287035,0.5341038287213666,-0.07078461159487413,0.1063584183900153,0.14656407357664755,0.14859284849592244
Phú Thọ: đường Hùng Vương - Tp Việt Trì (KK),21,0.9998896055897778,0.9797198417966272,0.48003906828176973,0.4197758598314364,-0.035311446435173,0.5582973472267833,0.1247123430020349,-0.17185298384206768,0.0029731410241701957,0.3252840182346779
Phú Thọ: đường Hùng Vương - Tp Việt Trì (KK),22,0.999035098935001,0.9926552572122698,0.5408872498839538,0.29316441099564433,-0.04314522997979306,0.4830793879345241,0.2082192706962681,-0.24400859059816185,-0.16686374662796608,0.35144769158805705
Phú Thọ: đường Hùng Vương - Tp Việt Trì (KK),23,0.9972565445568917,0.9924472636669268,0.3917474751277106,0.23857623579901918,0.0077046250112417156,0.4055478639501192,0.11657376139775957,-0.07281482529565657,-0.1689729941884408,0.36645017537686064
Bắc Giang: Khu liên cơ quan tỉnh Bắc Giang - P. Ngô Quyền - TP. Bắc Giang (KK),0,0.9680268960778304,0.8945696175586438,0.36624417304158324,0.6176895079151226,-0.4340592354827731,0.3151100016128097,0.16362259560182774,0.3121214721360936,-0.14831528330976432,-0.2827826256564104
Bắc Giang: Khu liên cơ quan tỉnh Bắc Giang - P. Ngô Quyền - TP. Bắc Giang (KK),1,0.9631515488313651,0.8541882026795824,0.30219861051428426,0.6762769508402049,-0.3373836572476106,0.36812044286222284,0.17072382294567517,0.2284232359381986,-0.10255164745099632,-0.32242735999797667
Bắc Giang: Khu liên cơ quan tỉnh Bắc Giang - P. Ngô Quyền - TP. Bắc Giang (KK),2,0.8623407402703915,0.6981754750883681,0.08676235374714979,0.6484812175682908,-0.1698891327437429,0.6309386943217378,-0.010923296324736265,0.12904483093746247,0.029206644439937913,-0.3442998564153313
Bắc Giang: Khu liên cơ quan tỉnh Bắc Giang - P. Ngô Quyền - TP. Bắc Giang (KK),3,0.8996106948646415,0.7758143141802207,0.13863057791519004,0.5615423550637757,-0.013073684002866648,0.5815499630273953,-0.08423152737624102,0.10088350723220688,0.03642560871068201,-0.2764141665475934
Bắc Giang: Khu liên cơ quan tỉnh Bắc Giang - P. Ngô Quyền - TP. Bắc Giang (KK),4,0.9201284055608602,0.7799280203039723,0.06157536883692835,0.5880066790470007,-0.3175697063572158,0.48853401097708343,-0.18948631764460633,0.18737376442554857,0.0628519168702393,-0.38804381740478866
Bắc Giang: Khu liên cơ quan tỉnh Bắc Giang - P. Ngô Quyền - TP. Bắc Giang (KK),5,0.9175748923889233,0.7807508729312642,0.15570944614733231,0.600123194101862,-0.3324906429654771,0.5668141336292071,-0.25848522705501426,0.2795109371042386,0.2041059152247416,-0.44411189284267294
Bắc Giang: Khu liên cơ quan tỉnh Bắc Giang - P. Ngô Quyền - TP. Bắc Giang (KK),6,0.909336249776592,0.771056147172111,0.34680166609570917,0.4348261297852642,-0.395064549094093,0.445022872229949,-0.3098915703668342,0.45678477680718443,0.1700069988159349,-0.5197647519361637
Bắc Giang: Khu liên cơ quan tỉnh Bắc Giang - P. Ngô Quyền - TP. Bắc Giang (KK),7,1.0000000000000007,1.000000000000001,-1.0,,,1.0000000000000002,-0.9999999999999994,1.0,1.0,0.9999999999999999
Bắc Giang: Khu liên cơ quan tỉnh Bắc Giang - P. Ngô Quyền - TP. Bắc Giang (KK),8,0.885032521086571,0.728416771510884,0.05760318737728007,0.4101379396742009,-0.2687105451520564,0.4720137996295259,-0.11802214620151262,0.04280997832829235,0.08683181618512784,-0.2963097633926684
Bắc Giang: Khu liên cơ quan tỉnh Bắc Giang - P. Ngô Quyền - TP. Bắc Giang (KK),9,0.9999269708199828,0.9680244622306344,0.5344423621370716,0.3386248671112954,-0.7297731155805732,0.659044943612323,-0.7101836687804628,0.5452542324273704,-0.13890584158609845,-0.030646054292393057
Bắc Giang: Khu liên cơ quan tỉnh Bắc Giang - P. Ngô Quyền - TP. Bắc Giang (KK),10,0.9608528941521722,0.8507160603399913,0.010412779583927534,0.6951784724636926,0.13767324243797122,0.41305753420835,0.21661757140964852,-0.20341972785586093,-0.12587301073995305,-0.17791601708405735
Bắc Giang: Khu liên cơ quan tỉnh Bắc Giang - P. Ngô Quyền - TP. Bắc Giang (KK),11,0.9696517285524272,0.8716332816023075,0.26088951637246516,0.8038639250563664,0.0958667176039365,0.23645138194878149,0.2714942952916519,-0.16921948736650816,-0.10950886176856683,-0.048224609653260246
Bắc Giang: Khu liên cơ quan tỉnh Bắc Giang - P. Ngô Quyền - TP. Bắc Giang (KK),12,0.9808173824487688,0.9116088971380115,-0.11671784336902934,0.7067603937877366,0.01294135662553171,0.43357553107673363,0.24893807524712655,-0.22584186315753768,-0.04513787231205259,-0.31894771924551857
Bắc Giang: Khu liên cơ quan tỉnh Bắc Giang - P. Ngô Quyền - TP. Bắc Giang (KK),13,0.9501470372664099,0.8304347361609087,0.0747438080501267,0.5152007840154952,-0.007567560419469766,0.20261655588314573,0.2884365272500523,-0.09103478296776715,-0.09466106694536935,-0.42890064579518933
Bắc Giang: Khu liên cơ quan tỉnh Bắc Giang - P. Ngô Quyền - TP. Bắc Giang (KK),14,0.9490784908938289,0.8275720197401646,0.010404202188018187,0.6787030344671227,0.130322358916922,0.01295194798396325,-0.20403336997454558,0.09120797812918753,0.2046632535187791,-0.30533624240838564
Bắc Giang: Khu liên cơ quan tỉnh Bắc Giang - P. Ngô Quyền - TP. Bắc Giang (KK),15,0.9315662778501763,0.8140595380692083,-0.1672263975170653,0.6972580422039598,0.16106142999010423,-0.005321954817702268,-0.3200770296726867,0.10246562125091399,0.2587984047888389,0.35864780713165284
Bắc Giang: Khu liên cơ quan tỉnh Bắc Giang - P. Ngô Quyền - TP. Bắc Giang (KK),16,0.9047669566205725,0.8131095003759896,-0.13796870361375127,0.6968472173537917,0.30703947215046834,-0.04407776474645797,-0.42793693024357515,-0.010936902683833082,0.24869867084287664,0.2998323889600782
Bắc Giang: Khu liên cơ quan tỉnh Bắc Giang - P. Ngô Quyền - TP. Bắc Giang (KK),17,0.9266700946344899,0.8286585544586673,-0.06279642089566602,0.608197179289426,0.20247979398404684,0.30707978043530915,-0.5096598201963044,-0.16061522625066763,0.32028392275108925,0.4423562599965415
Bắc Giang: Khu liên cơ quan tỉnh Bắc Giang - P. Ngô Quyền - TP. Bắc Giang (KK),18,0.9126095374948737,0.8368999750785938,0.028536335679383303,0.5684878899857829,0.057156154635940704,0.2511190380501079,-0.5212817754841662,-0.16591089886522611,0.31858417980851234,0.6409389788006283
Bắc Giang: Khu liên cơ quan tỉnh Bắc Giang - P. Ngô Quyền - TP. Bắc Giang (KK),19,0.9152675473539842,0.8548749768011512,-0.06946992760719051,0.615926655920455,-0.21354902000853362,0.25473331525521925,-0.26820366256086264,-0.05627053082246402,0.14116682810993209,0.5114424616161558
Bắc Giang: Khu liên cơ quan tỉnh Bắc Giang - P. Ngô Quyền - TP. Bắc Giang (KK),20,0.9451667766020723,0.7971240560881876,-0.030843377294536,0.7381526922155838,-0.34346543811752966,0.21290857260198304,-0.047598565158253336,0.2959166662781972,-0.06207893655451924,0.5374359102247107
Bắc Giang: Khu liên cơ quan tỉnh Bắc Giang - P. Ngô Quyền - TP. Bắc Giang (KK),21,0.9538106765999974,0.7603253321287933,0.1886763789101517,0.804519771949424,-0.44813016265009475,0.5746332778315653,-0.005229453458712411,0.2901839255442779,-0.1308625920373585,0.2968416830524037
Bắc Giang: Khu liên cơ quan tỉnh Bắc Giang - P. Ngô Quyền - TP. Bắc Giang (KK),22,0.9280352545447758,0.7141424084405797,0.2622079763151781,0.7017213063645544,-0.4038889550616361,0.4742445942105667,0.09351378523525472,0.4227671717618263,-0.28552224500656453,0.08645538102690573
Bắc Giang: Khu liên cơ quan tỉnh Bắc Giang - P. Ngô Quyền - TP. Bắc Giang (KK),23,0.952612018036081,0.8278840255485417,0.47140770018128697,0.6167791469085359,-0.4920270239837253,0.5100355679607677,0.2625243591264824,0.4082648522707477,-0.41861727749319055,-0.1424671623058456
Hà Nam: Công Viên Nam Cao - P.Quang Trung - TP. Phủ Lý (KK),0,0.9862078950419786,,0.21549937895634735,0.2956027710539205,0.03329543839615347,0.27103433365677015,0.43413729361235276,-0.4505838184564564,-0.4912443835578459,-0.07297906633035812
Hà Nam: Công Viên Nam Cao - P.Quang Trung - TP. Phủ Lý (KK),1,0.988656811400552,,0.22400350965631077,0.43505918000999155,-0.12948942465668117,0.4186540991164874,0.3789131222752774,-0.3251852692736756,-0.40817887904409267,0.005261024732861645
Hà Nam: Công Viên Nam Cao - P.Quang Trung - TP. Phủ Lý (KK),2,0.9895981645335034,,0.026138006093200893,0.3981883409632929,-0.10758201517417572,0.2965681841146392,0.08361908174623355,-0.14456364552963646,-0.2354593338826298,-0.05292548216599918
Hà Nam: Công Viên Nam Cao - P.Quang Trung - TP. Phủ Lý (KK),3,0.9916246730710624,,0.08113072853291763,0.6653476204654759,-0.05518368892733844,0.2866808637375649,0.11627484062879084,-0.019827870626272993,-0.2660333620726451,0.020013125197590124
Hà Nam: Công Viên Nam Cao - P.Quang Trung - TP. Phủ Lý (KK),4,0.9946584261552724,,0.0013464300370517567,0.42835917423784353,-0.2031473312298745,0.26307251227995093,0.03318170424877338,0.06958944081052554,-0.19614845803505637,-0.0793202037524335
Hà Nam: Công Viên Nam Cao - P.Quang Trung - TP. Phủ Lý (KK),5,0.9922093892547897,,-0.14189452143384643,0.6424297033349561,-0.23953962128134243,0.24858318714538438,-0.1585706131062935,0.2085912537902938,-0.017608476580044014,0.05500290441220598
Hà Nam: Công Viên Nam Cao - P.Quang Trung - TP. Phủ Lý (KK),6,0.9847696634170723,,-0.25325200361736444,0.6563602476582808,-0.31602591895654286,0.04554753295809233,-0.18903376573710734,0.2721566632893986,-0.02318370800790312,0.015520073798415303
Hà Nam: Công Viên Nam Cao - P.Quang Trung - TP. Phủ Lý (KK),7,1.0000000000000002,,-1.0,1.0000000000000004,-1.0000000000000002,,-1.0,1.0,-1.0,-1.0
Hà Nam: Công Viên Nam Cao - P.Quang Trung - TP. Phủ Lý (KK),8,0.9485934363075821,,-0.25509650323035965,0.6765411293898569,-0.23917923522761947,-0.12995184623427852,0.023562824635230344,-0.08464235138650521,0.11983842625987015,-0.1307527144624279
Hà Nam: Công Viên Nam Cao - P.Quang Trung - TP. Phủ Lý (KK),9,0.9922697189977895,,-0.41454377534994813,-0.01873270342624086,-0.3960664037070445,-1.0000000000000002,-0.5829119586195103,0.12874789421601596,-0.03962276538709042,0.2705990510861801
Hà Nam: Công Viên Nam Cao - P.Quang Trung - TP. Phủ Lý (KK),10,0.9433992410022423,,-0.18289601811041895,0.4553231982312216,-0.24301351467006757,-0.16176814459925512,0.15550098593159015,-0.3991269873524716,0.018581945105430202,-0.1091749253501587
Hà Nam: Công Viên Nam Cao - P.Quang Trung - TP. Phủ Lý (KK),11,0.9521496804593493,,-0.28690704605967127,0.461204539804217,-0.11208596374156647,-0.49233956258242484,0.20522936822426063,-0.40362332580450033,0.03209857672674768,-0.06217714441623755
Hà Nam: Công Viên Nam Cao - P.Quang Trung - TP. Phủ Lý (KK),12,0.9632974787638984,,-0.2884390071096262,0.45751696859924124,-0.10155176331926473,-0.4081279223001049,0.30872441241201415,-0.47863670626173427,0.020819350512763304,-0.002356014318465659
Hà Nam: Công Viên Nam Cao - P.Quang Trung - TP. Phủ Lý (KK),13,0.9753979985637633,,-0.27568527368001067,0.5484992323671706,0.0038408181726468722,-0.363347054085369,0.29957080212335296,-0.374795087320578,0.039881436116777455,0.08007940303777465
Hà Nam: Công Viên Nam Cao - P.Quang Trung - TP. Phủ Lý (KK),14,0.990927218344514,,-0.29669173440051827,0.33990413623171567,-0.012752594226243287,-0.2084248316307142,-0.023229769058796746,-0.10206212139265727,0.24812940845470352,-0.01636026326093691
Hà Nam: Công Viên Nam Cao - P.Quang Trung - TP. Phủ Lý (KK),15,0.9958472452716363,,-0.29668460188472817,0.30732255707939776,-0.019032196289636816,-0.2427214715378848,-0.1000260191226022,-0.05346525858604907,0.1958130925875181,0.020649172631530932
Hà Nam: Công Viên Nam Cao - P.Quang Trung - TP. Phủ Lý (KK),16,0.9963676569877634,,-0.2735643051611379,0.2773529064735485,-0.030225408924319002,0.13989330300645475,-0.18122289754765658,-0.02170544368583203,0.2366887915850599,0.13846201229781666
Hà Nam: Công Viên Nam Cao - P.Quang Trung - TP. Phủ Lý (KK),17,0.9940541365835744,,-0.24081400900334127,0.4982912786251115,0.038397497701301395,-0.3760327985766492,-0.43481048621269447,0.2696083230313578,0.3400513813607661,0.4072413380634298
Hà Nam: Công Viên Nam Cao - P.Quang Trung - TP. Phủ Lý (KK),18,0.9902061738631449,,-0.14267753277030823,0.286505388330294,-0.12030102632917336,-0.36621794337837804,-0.4502204296745478,0.18607788269901668,0.35680719093573476,0.684825887856991
Hà Nam: Công Viên Nam Cao - P.Quang Trung - TP. Phủ Lý (KK),19,0.9900949606277534,,-0.10432461972308045,0.24829360041915755,-0.18236247213430443,-0.23649195651566224,-0.39842714834193355,0.24208370417822284,0.32871787411872483,0.6328843043916625
Hà Nam: Công Viên Nam Cao - P.Quang Trung - TP. Phủ Lý (KK),20,0.9888244568415634,,-0.17619451912048337,0.15863954181092582,-0.033597247059038444,-0.40065120148702366,-0.3020348904855233,0.007983236640178597,0.2117109391034023,0.626079498951822
Hà Nam: Công Viên Nam Cao - P.Quang Trung - TP. Phủ Lý (KK),21,0.9915404766671828,,-0.16666685321992886,0.10158191490293945,0.1191936534558992,-0.2143235261330689,-0.12258038461188844,-0.1280650598977507,-0.02412890126501604,0.6033230813326173
Hà Nam: Công Viên Nam Cao - P.Quang Trung - TP. Phủ Lý (KK),22,0.9896990048599923,,-0.006821308679345605,0.22414576949614923,0.11579393371066046,-0.016456940935015617,0.19412447155324464,-0.3114379962257377,-0.342223608840596,0.23313960550686955
Hà Nam: Công Viên Nam Cao - P.Quang Trung - TP. Phủ Lý (KK),23,0.98264747195322,,0.21329756720858967,0.6023968977603407,0.05628606060786582,0.14936804986950886,0.43104318920565354,-0.38518194063372696,-0.5528216270829666,-0.08635263704864328
"Bình Dương: số 593 Đại lộ Bình Dương, P. Hiệp Thành (KK)",0,0.8827964912729059,0.9948584287981751,-0.11796293977160881,0.2576651174710339,-0.22363347125868227,0.4211217793317485,-0.05614518543095769,0.14849867259335064,0.14246392507950048,-0.1362075087588992
"Bình Dương: số 593 Đại lộ Bình Dương, P. Hiệp Thành (KK)",1,0.8678551285790597,0.9959458849321925,-0.09171086864182186,0.2628099970009541,-0.0867955197886553,0.46418539923526675,-0.11383357017947478,0.20494441783118397,0.03181962862127516,-0.31038575528929213
"Bình Dương: số 593 Đại lộ Bình Dương, P. Hiệp Thành (KK)",2,0.8857320127033782,0.9886452171475476,-0.2233839935710136,0.27862958172591035,0.11919253957859037,0.4439390557147344,-0.2569860693503529,0.4443759916933042,-0.06908345626245058,-0.1990103698715609
"Bình Dương: số 593 Đại lộ Bình Dương, P. Hiệp Thành (KK)",3,0.918690069080932,0.9901982019799869,-0.21307699341661074,0.32447670328307754,-0.0508510428765532,0.5312641430519807,-0.25489252249154054,0.37046076078166845,-0.10759865687192237,-0.332415564615104
"Bình Dương: số 593 Đại lộ Bình Dương, P. Hiệp Thành (KK)",4,0.9225790544520311,0.9943129017570804,-0.27234568828985317,0.4367687784741067,0.07799209001140789,0.23180915933212645,-0.19790758629376276,0.2875662462437061,-0.031204212701945302,-0.5630585276786207
"Bình Dương: số 593 Đại lộ Bình Dương, P. Hiệp Thành (KK)",5,0.9366400834541169,0.997910520481871,0.00990188986023517,0.39004219049342703,0.27851182214496684,0.42954813396951397,-0.3590414756479222,0.46762814141552306,-0.017632281108088645,-0.5694812818406241
"Bình Dương: số 593 Đại lộ Bình Dương, P. Hiệp Thành (KK)",6,0.9425173644348259,0.9996073137038105,-0.48635187365090105,0.34033660991320275,0.3026315258481508,0.3725364332861532,-0.29647461599001,0.49437854104658624,-0.11468853659811412,-0.4050126327732385
"Bình Dương: số 593 Đại lộ Bình Dương, P. Hiệp Thành (KK)",7,0.9260462578381966,0.9997645929604877,-0.4299280551318233,0.22292568472057955,-0.04571942417849855,0.47432974863825483,-0.1442257917071594,0.34604639686596694,-0.25102565299468754,-0.2890284667181582
"Bình Dương: số 593 Đại lộ Bình Dương, P. Hiệp Thành (KK)",8,0.9908099118208985,0.999308200208065,0.7863236004093482,0.8413925514917528,0.27907444306074686,0.6902728161663187,0.6860465116279074,-0.38117351680537,0.22127966770344645,-0.34653682124801616
"Bình Dương: số 593 Đại lộ Bình Dương, P. Hiệp Thành (KK)",9,0.9506328800905498,0.9952453428160745,-0.6855101764286647,0.5037214919220266,-0.4426144750734754,0.1650480834954431,0.12890336135270072,-0.019550738727716815,0.08645553187644263,-0.14410511688869634
"Bình Dương: số 593 Đại lộ Bình Dương, P. Hiệp Thành (KK)",10,0.9504100538165982,0.941020410775161,-0.24521013704907782,0.15043805029200275,0.36232382345996283,0.2259257574484328,0.09833128411711872,-0.056787305511491096,0.08412075330479554,-0.21319886626040163
"Bình Dương: số 593 Đại lộ Bình Dương, P. Hiệp Thành (KK)",11,0.8719217961720404,0.9842190506767872,-0.3069959601872011,-0.02616374445338453,0.0448547198469367,0.18603286980045383,0.12415205718861404,-0.08680297968204331,0.04772310842560065,0.08063777197380581
"Bình Dương: số 593 Đại lộ Bình Dương, P. Hiệp Thành (KK)",12,0.793001418783412,0.9926943232161851,-0.24461636572658307,0.03135846718681791,0.052106390888145206,0.06472820436188864,0.21690594997979937,-0.23694909854024027,0.19639854136304713,-0.04855161046554618
"Bình Dương: số 593 Đại lộ Bình Dương, P. Hiệp Thành (KK)",13,0.6794658984111543,0.9993918547303979,-0.17288268160514794,0.278977074764301,0.014180121906893512,-0.0887100728172185,0.33019204940308805,-0.35784947943966716,0.309644874290042,-0.15793883593602606
"Bình Dương: số 593 Đại lộ Bình Dương, P. Hiệp Thành (KK)",14,0.7452865160303925,0.9618098540491183,-0.05621289724402744,0.2664620806204296,0.21827122881779001,-0.027363829535434307,0.418049147764073,-0.4589794105943579,0.5148262771391274,-0.3755770655042746
"Bình Dương: số 593 Đại lộ Bình Dương, P. Hiệp Thành (KK)",15,0.4435037875892172,0.6774533893696254,0.11557172241901324,0.24917196087932425,0.869960785456946,-0.07105124895063201,0.3800098544551928,-0.32785634208889214,0.3375830203153921,-0.16228086088435834
"Bình Dương: số 593 Đại lộ Bình Dương, P. Hiệp Thành (KK)",16,0.884722164364181,0.9945579528856806,0.21852889600179506,0.13603838659957593,-0.20419064093275116,-0.44734408899204553,0.18910982115956024,-0.22442142777159707,0.5911824605385952,0.005429645035489897
"Bình Dương: số 593 Đại lộ Bình Dương, P. Hiệp Thành (KK)",17,0.9056221073014893,0.999122304290636,0.08517171182167772,0.04519301381159667,-0.2717303646722103,-0.49143769799792986,0.20763644017427277,-0.3158304407016205,0.5951396269055096,0.006850686846483595
"Bình Dương: số 593 Đại lộ Bình Dương, P. Hiệp Thành (KK)",18,0.8150027396381223,0.9997384743235166,0.3338752429745576,0.08662391101871486,-0.16015268488474427,-0.24512129938087646,-0.02799659798531869,-0.2455968661589408,0.69741727165631,0.09706164967421033
"Bình Dương: số 593 Đại lộ Bình Dương, P. Hiệp Thành (KK)",19,0.7486579087059778,0.9618570167349689,0.5675621413023367,0.051493202136702575,-0.38323903987678054,-0.039654057237102754,0.10053718834060915,-0.014568673933990214,0.40153355770478416,-0.16784676873222643
"Bình Dương: số 593 Đại lộ Bình Dương, P. Hiệp Thành (KK)",20,0.83271340241061,0.9997016736348364,0.23433944611378665,0.2072909061584463,-0.15731058272575554,0.23886327680063235,0.10733648560220352,-0.05919221902734854,0.19603028384314003,-0.13598149140403726
"Bình Dương: số 593 Đại lộ Bình Dương, P. Hiệp Thành (KK)",21,0.8617468346658764,0.9995767577152822,0.22983915024194618,0.3295379751821213,-0.3727669971318913,0.3133269370961048,0.14772881311095418,-0.1353048691953616,0.19790189228902688,-0.11322717981703724
"Bình Dương: số 593 Đại lộ Bình Dương, P. Hiệp Thành (KK)",22,0.8937280165983613,0.992752327379263,0.08371530297015668,0.20732106081148297,-0.22107285977169217,0.3191303274683459,0.08254097646910087,-0.1636592690116443,0.023968749435683064,0.11074641524051128
"Bình Dương: số 593 Đại lộ Bình Dương, P. Hiệp Thành (KK)",23,0.8612630592717222,0.9659581963869514,0.19939425977256062,0.10193444936567081,-0.17152263622929717,0.4341307627916678,-0.15626402821607305,0.09620705029556702,0.16536706461244594,0.07321553046273141
HCM: Khu Liên cơ quan Bộ Tài Nguyên và Môi Trường - số 20 Đ. Lý Chính Thắng (KK),0,0.9480971473179252,0.9393268758862227,0.4574734780494702,-0.34895370525678576,,,-0.21986864906552125,0.19078224848145517,-0.034831888177509054,0.00700981101392923
HCM: Khu Liên cơ quan Bộ Tài Nguyên và Môi Trường - số 20 Đ. Lý Chính Thắng (KK),1,0.954004578326595,0.9790395766552453,0.515134877726316,-0.12933364113433976,,,-0.42536694197511254,0.4631607565028684,0.006689464943355486,-0.27213749548501115
HCM: Khu Liên cơ quan Bộ Tài Nguyên và Môi Trường - số 20 Đ. Lý Chính Thắng (KK),2,0.9760844836519171,0.8911691214079877,0.5515859830164768,0.09033271727234118,,,-0.47209056081148304,0.4610348272708778,0.06977994196858552,-0.2543896424401999
HCM: Khu Liên cơ quan Bộ Tài Nguyên và Môi Trường - số 20 Đ. Lý Chính Thắng (KK),3,0.9730961077791179,0.8547276568391344,0.45709209551619523,0.28513102501189264,,,-0.37509324752813594,0.4163142054232144,0.1853021709262256,-0.3330517146340259
HCM: Khu Liên cơ quan Bộ Tài Nguyên và Môi Trường - số 20 Đ. Lý Chính Thắng (KK),4,0.974408457121622,0.9333665185470943,0.4031737311411487,0.14138763060831788,,,-0.35889281740922246,0.39432729452663495,0.14354650238709873,-0.44537342369445715
HCM: Khu Liên cơ quan Bộ Tài Nguyên và Môi Trường - số 20 Đ. Lý Chính Thắng (KK),5,0.977378165492517,0.964438206306898,0.3634539155606904,0.3515031575794956,,,-0.40796624594706343,0.3810256871522274,0.020249725542934673,-0.5499139527868411
HCM: Khu Liên cơ quan Bộ Tài Nguyên và Môi Trường - số 20 Đ. Lý Chính Thắng (KK),6,0.9785159939521236,0.9774244958690823,0.3558348351674328,0.24844958347007642,,,-0.367291829958231,0.3192195509676734,-0.052470913160620095,-0.4286913330364229
HCM: Khu Liên cơ quan Bộ Tài Nguyên và Môi Trường - số 20 Đ. Lý Chính Thắng (KK),7,-0.9999999999999999,,1.0000000000000009,-0.9999999999999998,,,-1.0,1.0,,1.0
HCM: Khu Liên cơ quan Bộ Tài Nguyên và Môi Trường - số 20 Đ. Lý Chính Thắng (KK),8,0.9770738570340503,0.9625755111175553,0.3800356576273956,0.3291049901005523,,,-0.038673667825083434,0.09489276945959187,-0.22440487440722434,-0.45889505188032553
HCM: Khu Liên cơ quan Bộ Tài Nguyên và Môi Trường - số 20 Đ. Lý Chính Thắng (KK),9,1.0,0.9999999999999998,,,,,0.9999999999999998,-1.0,1.0,1.0
HCM: Khu Liên cơ quan Bộ Tài Nguyên và Môi Trường - số 20 Đ. Lý Chính Thắng (KK),10,0.968389486813327,0.9809041437421677,0.33055966700717937,0.26507624636888216,,,-0.24038623824113425,0.25994695352616065,-0.20436798293493647,0.31939430133708524
HCM: Khu Liên cơ quan Bộ Tài Nguyên và Môi Trường - số 20 Đ. Lý Chính Thắng (KK),11,0.9826860343903467,0.9773143888915065,0.383822560102911,0.16871243308361406,,,-0.13701938586620782,0.14680863143812012,-0.1236499514977807,0.47363561628337053
HCM: Khu Liên cơ quan Bộ Tài Nguyên và Môi Trường - số 20 Đ. Lý Chính Thắng (KK),12,0.9611693352151067,0.9622545721763544,0.4254013684528272,0.3661742642148927,,,-0.21267022715157213,0.2800423120551427,-0.2259342795557138,0.2515000949389734
HCM: Khu Liên cơ quan Bộ Tài Nguyên và Môi Trường - số 20 Đ. Lý Chính Thắng (KK),13,0.8895711829182312,0.9690123329689146,0.4572908046610679,0.5508315577491878,,,-0.2027482005529196,0.17614070295323028,-0.08596467799246699,0.2683341904579058
HCM: Khu Liên cơ quan Bộ Tài Nguyên và Môi Trường - số 20 Đ. Lý Chính Thắng (KK),14,0.8389060257406893,0.9667189295427859,0.43861160400419424,0.7186900162811402,,,-0.2758398228640926,0.18741725166174864,-0.005025902187463389,-0.12193939221462807
HCM: Khu Liên cơ quan Bộ Tài Nguyên và Môi Trường - số 20 Đ. Lý Chính Thắng (KK),15,0.8156630584815998,0.9221587737655731,0.42340028341586494,0.6823285508826205,,,-0.22567044144586254,0.17099092729194704,-0.054190124662520774,-0.25098803930621383
HCM: Khu Liên cơ quan Bộ Tài Nguyên và Môi Trường - số 20 Đ. Lý Chính Thắng (KK),16,0.7881185103399525,0.9194960239958161,0.2746698931800176,0.654230283316086,,,-0.2673490182636375,0.12674556765681014,-0.07507301413877294,-0.1990506368653771
HCM: Khu Liên cơ quan Bộ Tài Nguyên và Môi Trường - số 20 Đ. Lý Chính Thắng (KK),17,0.7392594132135669,0.9464449003726934,0.39934752734400103,0.6037297791249155,,,-0.2516480379708154,0.3023981586586698,0.01225831206890371,-0.21114071519397704
HCM: Khu Liên cơ quan Bộ Tài Nguyên và Môi Trường - số 20 Đ. Lý Chính Thắng (KK),18,0.689870032053129,0.9078790759528917,0.4532020533064699,0.8493521738352653,,,-0.38895940833701054,0.5181686574018247,-0.13761896626077816,-0.098826741652909
HCM: Khu Liên cơ quan Bộ Tài Nguyên và Môi Trường - số 20 Đ. Lý Chính Thắng (KK),19,0.7412242606613725,0.9523477509805612,0.48443683710506086,0.8077856161813859,,,-0.2712419443467083,0.2733267352656625,0.001536991955395655,-0.2825253604185215
HCM: Khu Liên cơ quan Bộ Tài Nguyên và Môi Trường - số 20 Đ. Lý Chính Thắng (KK),20,0.8252753152262698,0.9749352858961582,0.5186081070654522,0.7339547328868986,,,-0.33985254656104497,0.38026383039569855,-0.04275220124196945,-0.0750331796825807
HCM: Khu Liên cơ quan Bộ Tài Nguyên và Môi Trường - số 20 Đ. Lý Chính Thắng (KK),21,0.8565953674330166,0.9641141698728147,0.6107865747995754,0.11415829294604711,,,-0.3839164369294369,0.2948222606965749,-0.05745130376224291,0.10149350284453726
HCM: Khu Liên cơ quan Bộ Tài Nguyên và Môi Trường - số 20 Đ. Lý Chính Thắng (KK),22,0.8954559392366076,0.9652978032091711,0.5965750659106601,-0.07131517776677554,,,-0.47009490905882395,0.3468126719765428,-0.1426965728107407,0.16556183868342875
HCM: Khu Liên cơ quan Bộ Tài Nguyên và Môi Trường - số 20 Đ. Lý Chính Thắng (KK),23,0.9244785568532197,0.9416616847153365,0.5005995537230539,-0.15274510935069488,,,-0.3985878783049193,0.3562584740686332,-0.010219389194667554,0.17547197357331915
