Timestamp,Name,Latitude,Longitude,AQI,PM2.5,PM10,CO,NO2,O3,SO2,Temperature,Humidity,Pressure,Wind Speed
08/04/2025 14:00,Hà Nội: 556 Nguyễn Văn Cừ (KK),21.0333,105.85,134,134.33387065282443,80.96737065791265,8.6018125,52.5989,8.31978125,5.55468,27.96,71.0,1012.0,3.9
08/04/2025 14:00,HCM: Khu Liên cơ quan Bộ Tài Nguyên và Môi Trường - số 20 Đ. Lý Chính Thắng (KK),10.75,106.6667,91,90.67677986033198,58.72392686139711,,7.41375,81.79162500000001,77.38555555555556,35.01,46.0,1009.0,1.54
08/04/2025 14:00,HCM: Đ. Lê Hữu Kiều - P. Bình Trưng Tây - Quận 2 (Ngã ba Lê Hữu Kiểu và Trương Văn Bang) (KK),10.75,106.6667,95,95.34093538722549,59.55258845085537,,8.45665,,16.50532,35.01,46.0,1009.0,1.54
08/04/2025 14:00,Long An: UBND Tp Tân An - 76 Hùng Vương - P.2 (KK),10.5333,106.4167,89,88.68118554122958,52.501889306272986,29.512183500000003,,,1.95932,29.45,53.0,1009.0,5.84
08/04/2025 14:00,Hà Nội: ĐHBK cổng Parabol đường Giải Phóng (KK),21.0245,105.8412,151,151.41801918504152,72.31102018278841,,12.9829,9.47221875,2.942,28.0,70.0,1012.0,3.85
08/04/2025 14:00,Hà Nội: Công viên Nhân Chính - Khuất Duy Tiến (KK),20.9725,105.7772,107,106.96866082143156,71.10626151168718,12.3749125,4.44125,9.90234375,2.294,28.01,69.0,1012.0,3.68
08/04/2025 14:00,Đà Nẵng: Khuôn viên trường ĐH sư phạm Đà Nẵng (KK),16.0406,108.2125,57,56.57652147660196,42.67319697043403,16.733454,8.34125,10.8975625,1.41532,29.01,65.0,1012.0,4.12
08/04/2025 14:00,Thái nguyên: Đường Hùng Vương - Tp Thái Nguyên (KK),21.5928,105.8442,173,173.04759163823405,93.745875,5.4624815,,,4.3588000000000005,26.59,70.0,1012.0,2.86
08/04/2025 14:00,Phú Thọ: đường Hùng Vương - Tp Việt Trì (KK),21.3019,105.4308,132,131.733765591086,68.70317242557547,,17.0771,44.00415625,10.84752,28.26,63.0,1011.0,4.64
08/04/2025 14:00,Bắc Giang: Khu liên cơ quan tỉnh Bắc Giang - P. Ngô Quyền - TP. Bắc Giang (KK),21.2667,106.2,127,127.19801969295663,75.22848249511719,30.211662500000003,2.03875,40.82890625,12.384,24.78,73.0,1012.0,4.11
08/04/2025 14:00,Hà Nam: Công Viên Nam Cao - P.Quang Trung - TP. Phủ Lý (KK),20.5411,105.9139,141,141.0851255382042,,11.088029,6.84775,14.27890625,,26.85,72.0,1012.0,3.32
08/04/2025 14:00,"Bình Dương: số 593 Đại lộ Bình Dương, P. Hiệp Thành (KK)",10.9667,106.65,76,72.18295141601563,75.86126490478516,,13.3096,,0.91732,35.03,46.0,1009.0,1.54
08/04/2025 14:00,Quảng Bình: Khu kinh tế Hòn La (KK),,,113,32.916174267578114,22.279040625,2.7187335000000004,112.72742,0.321875,3.887680000000001,,,,
08/04/2025 15:00,Hà Nội: ĐHBK cổng Parabol đường Giải Phóng (KK),21.0245,105.8412,153,152.73817439598236,72.82918218939434,,8.31915,9.47221875,2.971,28.0,68.0,1012.0,3.85
08/04/2025 15:00,Hà Nội: 556 Nguyễn Văn Cừ (KK),21.0333,105.85,126,125.77278759055332,76.03959246440078,8.210604,62.1743,8.1565,5.54668,27.96,68.0,1012.0,3.9
08/04/2025 15:00,Hà Nội: Công viên Nhân Chính - Khuất Duy Tiến (KK),20.9725,105.7772,107,107.29197723277278,69.61108661146251,11.824104,3.1654,14.9138125,2.37468,28.01,68.0,1012.0,3.68
08/04/2025 15:00,HCM: Khu Liên cơ quan Bộ Tài Nguyên và Môi Trường - số 20 Đ. Lý Chính Thắng (KK),10.75,106.6667,88,87.97674679301424,58.13392987203837,,7.35665,53.88024999999999,77.38555555555556,32.82,62.0,1009.0,2.68
08/04/2025 15:00,HCM: Đ. Lê Hữu Kiều - P. Bình Trưng Tây - Quận 2 (Ngã ba Lê Hữu Kiểu và Trương Văn Bang) (KK),10.75,106.6667,96,95.97735363951,59.16243010552112,,7.37585,,16.755000000000003,32.82,62.0,1009.0,2.68
08/04/2025 15:00,Đà Nẵng: Khuôn viên trường ĐH sư phạm Đà Nẵng (KK),16.0406,108.2125,52,52.22268566989506,40.60055240130962,17.4863835,7.79625,25.510406250000003,1.586,29.01,65.0,1013.0,4.12
08/04/2025 15:00,Thái nguyên: Đường Hùng Vương - Tp Thái Nguyên (KK),21.5928,105.8442,170,170.08297063373254,94.6199625,4.3582325,,,3.5303600000000004,26.62,69.0,1012.0,2.86
08/04/2025 15:00,Phú Thọ: đường Hùng Vương - Tp Việt Trì (KK),21.3019,105.4308,125,125.03613455055628,64.64763336140005,,16.2546,58.09374999999999,12.02532,28.26,63.0,1012.0,4.64
08/04/2025 15:00,Bắc Giang: Khu liên cơ quan tỉnh Bắc Giang - P. Ngô Quyền - TP. Bắc Giang (KK),21.2667,106.2,118,118.4181896475554,69.47531395142933,28.308325,2.04165,41.78959375,11.22,24.71,76.0,1012.0,4.11
08/04/2025 15:00,Hà Nam: Công Viên Nam Cao - P.Quang Trung - TP. Phủ Lý (KK),20.5411,105.9139,143,143.21990601546486,,11.1301915,7.31835,12.17603125,,26.88,71.0,1012.0,3.32
08/04/2025 15:00,Long An: UBND Tp Tân An - 76 Hùng Vương - P.2 (KK),10.5333,106.4167,83,82.66226298590944,52.33408037902571,28.253633500000003,,,1.5903200000000002,29.46,54.0,1009.0,5.84
08/04/2025 15:00,"Bình Dương: số 593 Đại lộ Bình Dương, P. Hiệp Thành (KK)",10.9667,106.65,75,65.27511689453124,74.60216818847655,,5.8171,,0.69132,35.03,46.0,1009.0,1.54
08/04/2025 15:00,Quảng Bình: Khu kinh tế Hòn La (KK),,,122,38.97578588867187,27.874594335937505,2.6971960000000004,122.29867,0.321875,2.138,,,,
08/04/2025 16:00,Hà Nội: ĐHBK cổng Parabol đường Giải Phóng (KK),21.0245,105.8412,153,152.60171757102432,72.63449246595124,,9.07125,9.47221875,3.0003200000000003,27.0,76.0,1012.0,4.15
08/04/2025 16:00,Hà Nội: 556 Nguyễn Văn Cừ (KK),21.0333,105.85,115,114.54466523807524,69.86761785728382,9.5416665,31.5365,7.79921875,5.678920000000001,26.96,75.0,1012.0,4.12
08/04/2025 16:00,Hà Nội: Công viên Nhân Chính - Khuất Duy Tiến (KK),20.9725,105.7772,107,107.27032872312218,68.63495042625254,11.812475,2.96625,19.2799375,2.1983200000000003,27.01,74.0,1012.0,4.08
08/04/2025 16:00,HCM: Khu Liên cơ quan Bộ Tài Nguyên và Môi Trường - số 20 Đ. Lý Chính Thắng (KK),10.75,106.6667,83,83.3184535104879,57.67676478381237,,6.55125,35.1018125,77.53037777777777,32.26,62.0,1009.0,5.66
08/04/2025 16:00,Đà Nẵng: Khuôn viên trường ĐH sư phạm Đà Nẵng (KK),16.0406,108.2125,52,52.31405828478003,43.403038107985736,17.796733500000002,9.42875,15.3256875,1.46168,29.01,65.0,1012.0,4.63
08/04/2025 16:00,Thái nguyên: Đường Hùng Vương - Tp Thái Nguyên (KK),21.5928,105.8442,172,171.59768728494674,91.01170625,4.222786,,,2.76,25.75,76.0,1012.0,3.96
08/04/2025 16:00,Phú Thọ: đường Hùng Vương - Tp Việt Trì (KK),21.3019,105.4308,122,122.21428817837013,63.19645206839295,,17.1704,77.24787500000002,12.60232,28.05,68.0,1011.0,5.34
08/04/2025 16:00,Hà Nam: Công Viên Nam Cao - P.Quang Trung - TP. Phủ Lý (KK),20.5411,105.9139,140,140.1121806633576,,10.896575,4.175,12.95571875,,26.35,75.0,1012.0,3.77
08/04/2025 16:00,Long An: UBND Tp Tân An - 76 Hùng Vương - P.2 (KK),10.5333,106.4167,74,74.45193073580201,51.842633193054326,27.826171,,,1.57,30.29,58.0,1009.0,5.14
08/04/2025 16:00,"Bình Dương: số 593 Đại lộ Bình Dương, P. Hiệp Thành (KK)",10.9667,106.65,72,58.12129389738597,72.07234152832031,,7.7354,,0.6160000000000001,33.03,52.0,1009.0,5.66
08/04/2025 16:00,Quảng Bình: Khu kinh tế Hòn La (KK),,,102,43.86892353515624,34.076597705078115,2.0879835,102.45233,0.321875,0.7542800000000001,,,,
08/04/2025 16:00,HCM: Đ. Lê Hữu Kiều - P. Bình Trưng Tây - Quận 2 (Ngã ba Lê Hữu Kiểu và Trương Văn Bang) (KK),10.75,106.6667,94,93.96661334942556,57.60755737045007,,7.76335,,16.718,31.71,63.0,1009.0,5.14
08/04/2025 16:00,Bắc Giang: Khu liên cơ quan tỉnh Bắc Giang - P. Ngô Quyền - TP. Bắc Giang (KK),21.2667,106.2,105,105.01041241063048,63.46569106825995,27.294621000000003,2.10585,36.11484375,15.048,24.29,80.0,1012.0,4.37
08/04/2025 17:00,Hà Nội: ĐHBK cổng Parabol đường Giải Phóng (KK),21.0245,105.8412,151,151.00057585775903,71.44624696020443,,8.7654,9.47221875,3.02232,27.0,75.0,1011.0,4.2
08/04/2025 17:00,Hà Nội: 556 Nguyễn Văn Cừ (KK),21.0333,105.85,113,112.62815662136808,67.10562583345114,15.0411365,14.38,6.83515625,5.677320000000001,26.96,75.0,1011.0,4.24
08/04/2025 17:00,Hà Nội: Công viên Nhân Chính - Khuất Duy Tiến (KK),20.9725,105.7772,103,102.73919535930108,68.75718120713705,12.9479165,3.15,21.097125,2.097,27.01,74.0,1011.0,4.2
08/04/2025 17:00,HCM: Khu Liên cơ quan Bộ Tài Nguyên và Môi Trường - số 20 Đ. Lý Chính Thắng (KK),10.75,106.6667,78,74.7408791282095,55.79843630150744,,8.3454,27.540875,77.51688888888889,31.71,64.0,1009.0,5.14
08/04/2025 17:00,HCM: Đ. Lê Hữu Kiều - P. Bình Trưng Tây - Quận 2 (Ngã ba Lê Hữu Kiểu và Trương Văn Bang) (KK),10.75,106.6667,85,84.91962493646696,55.01610204019792,,8.44335,,16.57468,31.71,64.0,1009.0,5.14
08/04/2025 17:00,Đà Nẵng: Khuôn viên trường ĐH sư phạm Đà Nẵng (KK),16.0406,108.2125,50,49.94464960747104,42.30805869236605,21.329504000000004,12.8204,18.3340625,1.647,27.01,78.0,1012.0,3.6
08/04/2025 17:00,Thái nguyên: Đường Hùng Vương - Tp Thái Nguyên (KK),21.5928,105.8442,169,169.26842925639468,86.476678125,4.6866015,,,2.27104,24.96,78.0,1012.0,4.28
08/04/2025 17:00,Phú Thọ: đường Hùng Vương - Tp Việt Trì (KK),21.3019,105.4308,131,130.80063166675222,66.51810297904592,,18.4946,100.0521,13.021680000000002,27.08,71.0,1011.0,6.09
08/04/2025 17:00,Bắc Giang: Khu liên cơ quan tỉnh Bắc Giang - P. Ngô Quyền - TP. Bắc Giang (KK),21.2667,106.2,98,98.29471500385424,60.34794406847495,27.708921,2.4279,17.0234375,29.87768,24.34,78.0,1012.0,4.37
08/04/2025 17:00,Hà Nam: Công Viên Nam Cao - P.Quang Trung - TP. Phủ Lý (KK),20.5411,105.9139,127,126.72765955479632,,11.1249085,5.99955,11.487750000000002,,25.64,79.0,1012.0,3.82
08/04/2025 17:00,Long An: UBND Tp Tân An - 76 Hùng Vương - P.2 (KK),10.5333,106.4167,68,67.59789177618286,50.12237684671224,29.827304,,,1.5436800000000002,29.22,65.0,1010.0,4.27
08/04/2025 17:00,"Bình Dương: số 593 Đại lộ Bình Dương, P. Hiệp Thành (KK)",10.9667,106.65,70,55.11233011378471,69.86593262386265,,4.66,,0.5790000000000001,33.03,52.0,1009.0,5.14
08/04/2025 17:00,Quảng Bình: Khu kinh tế Hòn La (KK),,,101,47.04013457031251,34.25561362304687,2.122354,100.55175,0.321875,2.5323200000000003,,,,
08/04/2025 18:00,Hà Nội: ĐHBK cổng Parabol đường Giải Phóng (KK),21.0245,105.8412,148,148.12285596557393,69.68491328028495,,10.5554,9.47221875,2.833,27.0,77.0,1012.0,4.72
08/04/2025 18:00,Hà Nội: 556 Nguyễn Văn Cừ (KK),21.0333,105.85,117,117.35063857790026,69.40773191049377,14.4985625,14.38,7.325,5.686,26.96,77.0,1012.0,4.62
08/04/2025 18:00,Hà Nội: Công viên Nhân Chính - Khuất Duy Tiến (KK),20.9725,105.7772,92,91.5836554284136,68.627845841663,12.7320375,2.80915,21.27553125,2.06132,27.01,77.0,1012.0,4.99
08/04/2025 18:00,HCM: Khu Liên cơ quan Bộ Tài Nguyên và Môi Trường - số 20 Đ. Lý Chính Thắng (KK),10.75,106.6667,77,62.87828758205247,51.94699467774564,,11.6625,21.9049375,77.07926666666665,30.6,66.0,1009.0,5.14
08/04/2025 18:00,HCM: Đ. Lê Hữu Kiều - P. Bình Trưng Tây - Quận 2 (Ngã ba Lê Hữu Kiểu và Trương Văn Bang) (KK),10.75,106.6667,66,66.27137066329433,52.57228521849808,,9.78625,,16.544,30.6,66.0,1009.0,5.14
08/04/2025 18:00,Đà Nẵng: Khuôn viên trường ĐH sư phạm Đà Nẵng (KK),16.0406,108.2125,49,48.9709126531874,41.56686268847968,26.351550000000003,15.50125,14.675625,1.6943200000000005,26.01,83.0,1013.0,1.54
08/04/2025 18:00,Thái nguyên: Đường Hùng Vương - Tp Thái Nguyên (KK),21.5928,105.8442,166,165.94055937762775,83.4402890625,6.060391,,,2.60192,23.87,81.0,1013.0,3.25
08/04/2025 18:00,Phú Thọ: đường Hùng Vương - Tp Việt Trì (KK),21.3019,105.4308,137,137.22639318366154,69.27532496413724,,18.5254,47.04009375,13.457320000000005,25.51,76.0,1012.0,5.33
08/04/2025 18:00,Bắc Giang: Khu liên cơ quan tỉnh Bắc Giang - P. Ngô Quyền - TP. Bắc Giang (KK),21.2667,106.2,96,95.53825356970852,60.2410147854499,30.067875,2.30335,19.102875,29.27168,23.78,80.0,1013.0,4.22
08/04/2025 18:00,Hà Nam: Công Viên Nam Cao - P.Quang Trung - TP. Phủ Lý (KK),20.5411,105.9139,98,97.75056430664064,,11.60335,5.025,9.70390625,,24.73,82.0,1013.0,3.93
08/04/2025 18:00,Long An: UBND Tp Tân An - 76 Hùng Vương - P.2 (KK),10.5333,106.4167,62,61.6969219671696,44.3338542280686,30.566121,,,1.49632,28.21,64.0,1010.0,4.53
08/04/2025 18:00,"Bình Dương: số 593 Đại lộ Bình Dương, P. Hiệp Thành (KK)",10.9667,106.65,67,46.72975300341039,66.87735424648127,,6.8875,,0.8,32.03,55.0,1009.0,5.14
08/04/2025 18:00,Quảng Bình: Khu kinh tế Hòn La (KK),,,112,53.05770336914063,41.81754763183593,2.6625,112.431,0.390625,3.77768,,,,
08/04/2025 19:00,Hà Nội: ĐHBK cổng Parabol đường Giải Phóng (KK),21.0245,105.8412,139,139.4278998339325,68.0696146889251,,9.51665,9.47221875,2.708,26.0,82.0,1013.0,3.89
08/04/2025 19:00,Hà Nội: 556 Nguyễn Văn Cừ (KK),21.0333,105.85,126,126.14464035754956,73.31681066813522,13.048229,14.38,6.79921875,5.7466800000000005,25.96,82.0,1013.0,3.81
08/04/2025 19:00,Hà Nội: Công viên Nhân Chính - Khuất Duy Tiến (KK),20.9725,105.7772,81,81.39364011951164,66.7163727259672,14.3375125,3.1896,13.71459375,2.243,26.01,82.0,1013.0,4.26
08/04/2025 19:00,HCM: Khu Liên cơ quan Bộ Tài Nguyên và Môi Trường - số 20 Đ. Lý Chính Thắng (KK),10.75,106.6667,77,52.32643066406251,45.276936995555296,,10.0075,18.28646875,77.12351111111111,30.04,66.0,1010.0,4.63
08/04/2025 19:00,HCM: Đ. Lê Hữu Kiều - P. Bình Trưng Tây - Quận 2 (Ngã ba Lê Hữu Kiểu và Trương Văn Bang) (KK),10.75,106.6667,54,53.94208100585938,50.73909719195044,,8.48125,,16.37268,30.04,66.0,1010.0,4.63
08/04/2025 19:00,Đà Nẵng: Khuôn viên trường ĐH sư phạm Đà Nẵng (KK),16.0406,108.2125,51,50.78613615381574,43.46799623543812,24.2510915,14.81835,19.94946875,1.6390000000000002,26.01,83.0,1013.0,1.03
08/04/2025 19:00,Thái nguyên: Đường Hùng Vương - Tp Thái Nguyên (KK),21.5928,105.8442,165,164.99905257894886,87.15459453125,7.840579,,,3.37568,23.0,85.0,1013.0,3.05
08/04/2025 19:00,Phú Thọ: đường Hùng Vương - Tp Việt Trì (KK),21.3019,105.4308,132,131.76962215766605,68.23647514084011,,21.22085,36.7263125,13.46732,24.28,81.0,1012.0,4.93
08/04/2025 19:00,Bắc Giang: Khu liên cơ quan tỉnh Bắc Giang - P. Ngô Quyền - TP. Bắc Giang (KK),21.2667,106.2,95,94.73214338704136,60.76766198316125,32.7355275,1.96835,19.09765625,21.602000000000004,22.35,85.0,1013.0,3.33
08/04/2025 19:00,Hà Nam: Công Viên Nam Cao - P.Quang Trung - TP. Phủ Lý (KK),20.5411,105.9139,73,73.279644140625,,11.9689375,9.15665,8.99271875,,23.27,89.0,1013.0,3.28
08/04/2025 19:00,Long An: UBND Tp Tân An - 76 Hùng Vương - P.2 (KK),10.5333,106.4167,55,55.19285639648438,39.3151874892117,31.2094415,,,1.17932,29.44,67.0,1011.0,5.11
08/04/2025 19:00,"Bình Dương: số 593 Đại lộ Bình Dương, P. Hiệp Thành (KK)",10.9667,106.65,62,42.41481342773438,62.49538794113651,,7.40335,,0.8,31.03,62.0,1010.0,4.63
08/04/2025 19:00,Quảng Bình: Khu kinh tế Hòn La (KK),,,117,47.57807900390625,36.51119201660156,2.5876585,117.23475,0.390625,2.309,,,,
08/04/2025 20:00,Hà Nội: ĐHBK cổng Parabol đường Giải Phóng (KK),21.0245,105.8412,122,122.12183190970306,64.8820168514137,,10.62,9.47221875,2.734,25.0,86.0,1013.0,3.7
08/04/2025 20:00,Hà Nội: 556 Nguyễn Văn Cừ (KK),21.0333,105.85,130,129.5929129435363,74.58318739952722,8.4252915,14.38,6.84975,5.686,24.96,86.0,1013.0,3.61
08/04/2025 20:00,Hà Nội: Công viên Nhân Chính - Khuất Duy Tiến (KK),20.9725,105.7772,82,81.7708961321036,64.73517992344914,13.226896,3.5579,7.307562499999999,2.34432,25.01,86.0,1013.0,3.97
08/04/2025 20:00,HCM: Khu Liên cơ quan Bộ Tài Nguyên và Môi Trường - số 20 Đ. Lý Chính Thắng (KK),10.75,106.6667,77,45.91457641601563,37.99630988769531,,9.6621,17.029687499999998,76.65204444444444,30.04,67.0,1011.0,4.63
08/04/2025 20:00,HCM: Đ. Lê Hữu Kiều - P. Bình Trưng Tây - Quận 2 (Ngã ba Lê Hữu Kiểu và Trương Văn Bang) (KK),10.75,106.6667,48,45.36925986328126,48.23951047619698,,9.6804,,16.25332,30.04,67.0,1011.0,4.63
08/04/2025 20:00,Đà Nẵng: Khuôn viên trường ĐH sư phạm Đà Nẵng (KK),16.0406,108.2125,53,52.57528131574671,43.862583384148,18.0482,8.0804,15.1794375,1.74332,26.01,83.0,1014.0,1.03
08/04/2025 20:00,Thái nguyên: Đường Hùng Vương - Tp Thái Nguyên (KK),21.5928,105.8442,172,172.12405166269212,100.034247265625,9.8082915,,,3.06996,22.86,87.0,1014.0,2.81
08/04/2025 20:00,Phú Thọ: đường Hùng Vương - Tp Việt Trì (KK),21.3019,105.4308,126,125.52885893100458,66.60080182666982,,20.8591,30.97640625,12.728360000000002,23.62,85.0,1013.0,4.86
08/04/2025 20:00,Bắc Giang: Khu liên cơ quan tỉnh Bắc Giang - P. Ngô Quyền - TP. Bắc Giang (KK),21.2667,106.2,96,95.78450478617935,61.20715104917897,34.843771000000004,1.53875,14.7981875,16.44,21.95,89.0,1014.0,2.85
08/04/2025 20:00,Hà Nam: Công Viên Nam Cao - P.Quang Trung - TP. Phủ Lý (KK),20.5411,105.9139,59,59.08128159179687,,11.835275,6.0146,8.9544375,,22.63,92.0,1014.0,2.94
08/04/2025 20:00,Long An: UBND Tp Tân An - 76 Hùng Vương - P.2 (KK),10.5333,106.4167,53,53.23812744140627,39.59751234433597,29.8847665,,,1.23532,29.16,68.0,1012.0,5.05
08/04/2025 20:00,"Bình Dương: số 593 Đại lộ Bình Dương, P. Hiệp Thành (KK)",10.9667,106.65,59,43.43012114257813,58.58256040563685,,7.4671,,0.8,30.03,62.0,1011.0,4.63
08/04/2025 20:00,Quảng Bình: Khu kinh tế Hòn La (KK),,,103,41.40050532226563,30.004520385742182,1.9571,102.85408,0.390625,0.508,,,,
08/04/2025 21:00,Hà Nội: ĐHBK cổng Parabol đường Giải Phóng (KK),21.0245,105.8412,102,101.51854243977864,59.22394838651852,,11.51835,9.47221875,2.75232,25.0,87.0,1014.0,3.58
08/04/2025 21:00,Hà Nội: 556 Nguyễn Văn Cừ (KK),21.0333,105.85,128,127.79753291052832,72.09040082926865,6.3118125,14.38,6.9875,5.720680000000001,24.96,87.0,1014.0,3.42
08/04/2025 21:00,Hà Nội: Công viên Nhân Chính - Khuất Duy Tiến (KK),20.9725,105.7772,82,82.37097671932212,64.98771850549684,19.390021,5.16165,1.64009375,2.34732,25.01,87.0,1014.0,3.86
08/04/2025 21:00,HCM: Khu Liên cơ quan Bộ Tài Nguyên và Môi Trường - số 20 Đ. Lý Chính Thắng (KK),10.75,106.6667,77,42.35528442382813,35.86960654296874,,10.86,15.64140625,76.82184444444444,28.93,68.0,1012.0,5.14
08/04/2025 21:00,HCM: Đ. Lê Hữu Kiều - P. Bình Trưng Tây - Quận 2 (Ngã ba Lê Hữu Kiểu và Trương Văn Bang) (KK),10.75,106.6667,42,35.60230205078125,41.99712517089843,,8.6746,,16.36268,28.93,68.0,1012.0,5.14
08/04/2025 21:00,Đà Nẵng: Khuôn viên trường ĐH sư phạm Đà Nẵng (KK),16.0406,108.2125,53,53.40977738086967,38.05789241577064,15.9649085,5.11915,12.12290625,1.6283200000000002,26.01,83.0,1015.0,2.06
08/04/2025 21:00,Thái nguyên: Đường Hùng Vương - Tp Thái Nguyên (KK),21.5928,105.8442,188,188.08135512916164,111.80469863281247,10.4244305,,,2.85584,22.7,88.0,1015.0,3.03
08/04/2025 21:00,Phú Thọ: đường Hùng Vương - Tp Việt Trì (KK),21.3019,105.4308,121,120.90287520744964,65.40059535130501,,18.69875,27.971343750000003,10.655,23.66,85.0,1014.0,4.98
08/04/2025 21:00,Bắc Giang: Khu liên cơ quan tỉnh Bắc Giang - P. Ngô Quyền - TP. Bắc Giang (KK),21.2667,106.2,93,92.57936470300145,60.36566302829721,28.3605,1.335,12.31196875,19.171000000000003,21.73,89.0,1015.0,2.75
08/04/2025 21:00,Hà Nam: Công Viên Nam Cao - P.Quang Trung - TP. Phủ Lý (KK),20.5411,105.9139,54,54.28457841796875,,11.3416835,4.8991,8.727875000000001,,22.27,93.0,1015.0,2.32
08/04/2025 21:00,Long An: UBND Tp Tân An - 76 Hùng Vương - P.2 (KK),10.5333,106.4167,49,48.62527075195314,39.54787835397848,29.475071,,,1.3223200000000002,28.73,68.0,1012.0,5.33
08/04/2025 21:00,"Bình Dương: số 593 Đại lộ Bình Dương, P. Hiệp Thành (KK)",10.9667,106.65,53,41.136050146484365,53.15673092041016,,6.14915,,0.8,30.03,62.0,1012.0,5.14
08/04/2025 21:00,Quảng Bình: Khu kinh tế Hòn La (KK),,,98,38.7748022240809,26.71760634765625,2.1506835,98.0579,0.396875,1.96232,,,,
08/04/2025 22:00,Hà Nội: ĐHBK cổng Parabol đường Giải Phóng (KK),21.0245,105.8412,85,85.37330791015626,55.39213901515417,,10.2096,9.47221875,2.7870000000000004,24.0,92.0,1014.0,4.07
08/04/2025 22:00,Hà Nội: 556 Nguyễn Văn Cừ (KK),21.0333,105.85,124,123.8535065197697,68.94732067623474,4.952125,14.38,6.947125,5.75532,23.96,93.0,1014.0,3.92
08/04/2025 22:00,Hà Nội: Công viên Nhân Chính - Khuất Duy Tiến (KK),20.9725,105.7772,90,89.88023194514149,66.84220678620584,18.661996,5.4296,1.296625,2.29,24.01,92.0,1014.0,4.34
08/04/2025 22:00,HCM: Khu Liên cơ quan Bộ Tài Nguyên và Môi Trường - số 20 Đ. Lý Chính Thắng (KK),10.75,106.6667,77,40.83519433593749,35.87725861816407,,9.91125,15.194,77.17351111111111,28.37,68.0,1012.0,4.63
08/04/2025 22:00,HCM: Đ. Lê Hữu Kiều - P. Bình Trưng Tây - Quận 2 (Ngã ba Lê Hữu Kiểu và Trương Văn Bang) (KK),10.75,106.6667,38,36.68031118164063,37.89221982421875,,7.53,,16.717,28.37,68.0,1012.0,4.63
08/04/2025 22:00,Đà Nẵng: Khuôn viên trường ĐH sư phạm Đà Nẵng (KK),16.0406,108.2125,53,53.269103897081465,31.13753791503907,16.6051585,4.8021,9.32046875,1.4346800000000002,26.01,83.0,1015.0,1.54
08/04/2025 22:00,Thái nguyên: Đường Hùng Vương - Tp Thái Nguyên (KK),21.5928,105.8442,199,199.17178816071328,117.12102431640623,7.204556,,,2.9138400000000004,22.36,92.0,1015.0,2.66
08/04/2025 22:00,Phú Thọ: đường Hùng Vương - Tp Việt Trì (KK),21.3019,105.4308,111,111.06284897142412,62.93455404966368,,19.42625,23.221343750000003,10.07832,23.12,90.0,1014.0,4.74
08/04/2025 22:00,Bắc Giang: Khu liên cơ quan tỉnh Bắc Giang - P. Ngô Quyền - TP. Bắc Giang (KK),21.2667,106.2,82,82.35667788085938,57.69042313973297,32.4708415,1.1446,10.21484375,17.51932,21.37,93.0,1015.0,3.33
08/04/2025 22:00,Hà Nam: Công Viên Nam Cao - P.Quang Trung - TP. Phủ Lý (KK),20.5411,105.9139,53,53.142544921875,,11.008479,5.6255,8.989843749999999,,22.0,96.0,1015.0,2.17
08/04/2025 22:00,Long An: UBND Tp Tân An - 76 Hùng Vương - P.2 (KK),10.5333,106.4167,47,46.87189179687498,38.58585996704207,27.6321165,,,1.26932,28.51,71.0,1013.0,5.25
08/04/2025 22:00,"Bình Dương: số 593 Đại lộ Bình Dương, P. Hiệp Thành (KK)",10.9667,106.65,49,34.52275932617189,48.66497719726563,,5.74125,,0.8,29.03,65.0,1012.0,4.63
08/04/2025 22:00,Quảng Bình: Khu kinh tế Hòn La (KK),,,111,37.51905207290303,24.85536057128905,2.5418585,110.83767,0.396875,3.22232,,,,
08/04/2025 23:00,Hà Nội: ĐHBK cổng Parabol đường Giải Phóng (KK),21.0245,105.8412,78,77.66577968750002,53.49048535396728,,8.64,9.47221875,2.70432,23.0,90.0,1014.0,3.98
08/04/2025 23:00,Hà Nội: 556 Nguyễn Văn Cừ (KK),21.0333,105.85,66,65.83111049804687,45.43383623046875,4.4750415,14.38,6.793749999999999,5.738,22.96,90.0,1014.0,3.8
08/04/2025 23:00,Hà Nội: Công viên Nhân Chính - Khuất Duy Tiến (KK),20.9725,105.7772,94,94.41302262052524,69.02963912047227,18.300825,5.29415,1.605625,2.218,23.01,90.0,1014.0,4.23
08/04/2025 23:00,HCM: Khu Liên cơ quan Bộ Tài Nguyên và Môi Trường - số 20 Đ. Lý Chính Thắng (KK),10.75,106.6667,77,41.54099296875,39.0983921875,,9.3771,16.83021875,77.1296888888889,28.37,69.0,1012.0,5.14
08/04/2025 23:00,HCM: Đ. Lê Hữu Kiều - P. Bình Trưng Tây - Quận 2 (Ngã ba Lê Hữu Kiểu và Trương Văn Bang) (KK),10.75,106.6667,44,43.57929028320312,36.75924567871093,,8.68165,,16.393,28.37,69.0,1012.0,5.14
08/04/2025 23:00,Đà Nẵng: Khuôn viên trường ĐH sư phạm Đà Nẵng (KK),16.0406,108.2125,53,52.530575074008325,28.76960554199218,15.4234415,4.21915,13.048593749999998,1.33732,25.01,88.0,1015.0,1.54
08/04/2025 23:00,Thái nguyên: Đường Hùng Vương - Tp Thái Nguyên (KK),21.5928,105.8442,187,186.51271668713213,103.46518561264368,4.75099,,,2.14176,22.24,91.0,1014.0,2.36
08/04/2025 23:00,Phú Thọ: đường Hùng Vương - Tp Việt Trì (KK),21.3019,105.4308,95,95.24952509765625,57.44739884450215,,18.64375,19.6330625,10.02632,23.25,88.0,1014.0,4.36
08/04/2025 23:00,Bắc Giang: Khu liên cơ quan tỉnh Bắc Giang - P. Ngô Quyền - TP. Bắc Giang (KK),21.2667,106.2,74,73.52540620117188,54.30618291015625,34.724708500000006,1.12165,11.765375,18.522,21.54,92.0,1014.0,3.17
08/04/2025 23:00,Hà Nam: Công Viên Nam Cao - P.Quang Trung - TP. Phủ Lý (KK),20.5411,105.9139,53,53.19069809570313,,10.636954,4.34375,7.80571875,,21.92,95.0,1014.0,2.34
08/04/2025 23:00,Long An: UBND Tp Tân An - 76 Hùng Vương - P.2 (KK),10.5333,106.4167,44,44.376211035156246,36.81283827607204,27.5931875,,,1.32968,28.31,71.0,1012.0,5.47
08/04/2025 23:00,"Bình Dương: số 593 Đại lộ Bình Dương, P. Hiệp Thành (KK)",10.9667,106.65,44,28.71656049804688,44.075968603515626,,5.21835,,0.592,28.03,69.0,1012.0,5.14
08/04/2025 23:00,Quảng Bình: Khu kinh tế Hòn La (KK),,,117,36.6543513431332,23.766109521484378,2.374146,116.82892,0.396875,2.341,,,,
09/04/2025 00:00,Hà Nội: ĐHBK cổng Parabol đường Giải Phóng (KK),21.0245,105.8412,76,75.88036767578123,53.0986978517935,,8.0754,9.47221875,2.60732,23.0,90.0,1014.0,3.76
09/04/2025 00:00,Hà Nội: 556 Nguyễn Văn Cừ (KK),21.0333,105.85,47,46.67133686523437,32.310159399414054,3.9359375,14.38,7.415625,5.77268,22.96,91.0,1014.0,3.57
09/04/2025 00:00,Hà Nội: Công viên Nhân Chính - Khuất Duy Tiến (KK),20.9725,105.7772,94,94.236244581997,68.75042562512719,12.578596,4.4954,1.15625,2.0733200000000003,23.01,90.0,1014.0,4.03
09/04/2025 00:00,HCM: Khu Liên cơ quan Bộ Tài Nguyên và Môi Trường - số 20 Đ. Lý Chính Thắng (KK),10.75,106.6667,77,42.65155502929687,42.75422294921874,,7.5579,17.728375,77.36444444444444,27.82,70.0,1011.0,4.63
09/04/2025 00:00,HCM: Đ. Lê Hữu Kiều - P. Bình Trưng Tây - Quận 2 (Ngã ba Lê Hữu Kiểu và Trương Văn Bang) (KK),10.75,106.6667,47,47.13671650390626,37.10695751953124,,16.0304,,16.614680000000003,27.82,70.0,1011.0,4.63
09/04/2025 00:00,Đà Nẵng: Khuôn viên trường ĐH sư phạm Đà Nẵng (KK),16.0406,108.2125,52,52.38192166888195,33.71553201161345,15.57105,4.96585,6.552,1.28632,25.01,88.0,1014.0,1.54
09/04/2025 00:00,Thái nguyên: Đường Hùng Vương - Tp Thái Nguyên (KK),21.5928,105.8442,162,162.35142909458708,82.52724353027345,5.9328615000000005,,,2.12876,22.07,92.0,1014.0,2.19
09/04/2025 00:00,Phú Thọ: đường Hùng Vương - Tp Việt Trì (KK),21.3019,105.4308,85,84.64249438476561,53.62051422104437,,16.7211,20.12778125,10.40976,23.22,88.0,1013.0,4.13
09/04/2025 00:00,Bắc Giang: Khu liên cơ quan tỉnh Bắc Giang - P. Ngô Quyền - TP. Bắc Giang (KK),21.2667,106.2,66,65.98989750976564,50.86709006347657,26.0701835,1.12415,12.699750000000002,16.07832,21.29,93.0,1014.0,2.84
09/04/2025 00:00,Hà Nam: Công Viên Nam Cao - P.Quang Trung - TP. Phủ Lý (KK),20.5411,105.9139,56,55.78910795898438,,10.0519875,4.529,8.68696875,,21.7,96.0,1014.0,2.37
09/04/2025 00:00,Long An: UBND Tp Tân An - 76 Hùng Vương - P.2 (KK),10.5333,106.4167,42,42.13783676757812,36.26682204718698,26.8924875,,,1.192,27.6,73.0,1012.0,5.09
09/04/2025 00:00,"Bình Dương: số 593 Đại lộ Bình Dương, P. Hiệp Thành (KK)",10.9667,106.65,40,24.555553173828127,39.87362722167968,,5.2254,,0.6133200000000001,28.03,69.0,1011.0,4.63
09/04/2025 00:00,Quảng Bình: Khu kinh tế Hòn La (KK),,,94,35.56117673212454,22.82638955078125,2.0446955,94.24865,0.3484375,1.251,,,,
09/04/2025 01:00,Hà Nội: ĐHBK cổng Parabol đường Giải Phóng (KK),21.0245,105.8412,77,76.70814692382814,53.68969755816144,,6.54375,9.47221875,2.5050000000000003,23.0,91.0,1013.0,3.61
09/04/2025 01:00,Hà Nội: 556 Nguyễn Văn Cừ (KK),21.0333,105.85,57,57.38458549804688,39.76032221679688,2.8481875000000003,14.38,7.488031250000001,5.7262,22.96,91.0,1013.0,3.49
09/04/2025 01:00,Hà Nội: Công viên Nhân Chính - Khuất Duy Tiến (KK),20.9725,105.7772,91,90.53442903146816,68.88595649574016,12.580079,4.38915,0.8824062500000001,2.2263200000000003,23.01,91.0,1013.0,3.68
09/04/2025 01:00,HCM: Khu Liên cơ quan Bộ Tài Nguyên và Môi Trường - số 20 Đ. Lý Chính Thắng (KK),10.75,106.6667,77,42.742055175781246,44.12857509765625,,6.59375,17.59140625,77.24815555555556,27.82,71.0,1010.0,4.12
09/04/2025 01:00,HCM: Đ. Lê Hữu Kiều - P. Bình Trưng Tây - Quận 2 (Ngã ba Lê Hữu Kiểu và Trương Văn Bang) (KK),10.75,106.6667,48,48.33601083984375,37.820811816406255,,10.45085,,16.43232,27.82,71.0,1010.0,4.12
09/04/2025 01:00,Đà Nẵng: Khuôn viên trường ĐH sư phạm Đà Nẵng (KK),16.0406,108.2125,53,53.27275116987465,39.71481405568376,16.1530835,5.3,6.12584375,1.3570000000000002,24.01,94.0,1013.0,1.03
09/04/2025 01:00,Thái nguyên: Đường Hùng Vương - Tp Thái Nguyên (KK),21.5928,105.8442,145,145.27021427408852,69.90106851806641,4.252159,,,2.28988,22.21,92.0,1013.0,1.94
09/04/2025 01:00,Phú Thọ: đường Hùng Vương - Tp Việt Trì (KK),21.3019,105.4308,95,94.55455419921874,57.22988821783237,,19.88085,15.24584375,10.82932,22.77,90.0,1013.0,3.55
09/04/2025 01:00,Bắc Giang: Khu liên cơ quan tỉnh Bắc Giang - P. Ngô Quyền - TP. Bắc Giang (KK),21.2667,106.2,64,63.65840009765626,48.17787854003908,21.934654,0.93085,11.86225,12.35568,21.98,92.0,1013.0,3.06
09/04/2025 01:00,Hà Nam: Công Viên Nam Cao - P.Quang Trung - TP. Phủ Lý (KK),20.5411,105.9139,63,63.21295239257813,,9.699671,2.73875,8.177875,,21.74,95.0,1013.0,1.96
09/04/2025 01:00,Long An: UBND Tp Tân An - 76 Hùng Vương - P.2 (KK),10.5333,106.4167,43,43.43103369140626,36.638104391634585,26.291404000000004,,,1.1050000000000002,27.31,74.0,1011.0,4.22
09/04/2025 01:00,"Bình Dương: số 593 Đại lộ Bình Dương, P. Hiệp Thành (KK)",10.9667,106.65,37,20.939358642578124,36.69480556640625,,6.1571,,0.6133200000000001,28.03,69.0,1011.0,4.12
09/04/2025 01:00,Quảng Bình: Khu kinh tế Hòn La (KK),,,92,34.79156740779536,22.002565673828126,2.1191955,92.1191,0.425,2.69056,,,,
09/04/2025 02:00,Hà Nội: ĐHBK cổng Parabol đường Giải Phóng (KK),21.0245,105.8412,82,82.440576171875,55.18480258761464,,4.8979,9.47221875,2.549,23.0,95.0,1012.0,3.59
09/04/2025 02:00,Hà Nội: 556 Nguyễn Văn Cừ (KK),21.0333,105.85,72,71.62820498046875,49.429708349609385,2.061,14.38,7.6763125,5.712,22.96,95.0,1012.0,3.47
09/04/2025 02:00,Hà Nội: Công viên Nhân Chính - Khuất Duy Tiến (KK),20.9725,105.7772,91,91.38428191268471,68.89274284430063,9.9076335,2.7225,3.152875,2.156,23.01,95.0,1012.0,3.67
09/04/2025 02:00,HCM: Khu Liên cơ quan Bộ Tài Nguyên và Môi Trường - số 20 Đ. Lý Chính Thắng (KK),10.75,106.6667,77,41.63822407226563,43.95727917480468,,6.4604,17.74165625,77.28611111111111,27.26,71.0,1009.0,4.63
09/04/2025 02:00,HCM: Đ. Lê Hữu Kiều - P. Bình Trưng Tây - Quận 2 (Ngã ba Lê Hữu Kiểu và Trương Văn Bang) (KK),10.75,106.6667,51,50.82471396484375,40.16628757513881,,10.1946,,16.325680000000002,27.26,71.0,1009.0,4.63
09/04/2025 02:00,Đà Nẵng: Khuôn viên trường ĐH sư phạm Đà Nẵng (KK),16.0406,108.2125,61,61.2366775126889,44.15194201054557,17.723896,4.0046,13.5075625,1.54832,24.01,94.0,1013.0,1.54
09/04/2025 02:00,Thái nguyên: Đường Hùng Vương - Tp Thái Nguyên (KK),21.5928,105.8442,127,127.02706648763024,63.74964285888672,3.5828305,,,1.68708,22.06,96.0,1012.0,1.94
09/04/2025 02:00,Phú Thọ: đường Hùng Vương - Tp Việt Trì (KK),21.3019,105.4308,125,125.15524841308591,78.31455096435548,,18.62315,12.3140625,12.563,22.64,94.0,1012.0,3.39
09/04/2025 02:00,Bắc Giang: Khu liên cơ quan tỉnh Bắc Giang - P. Ngô Quyền - TP. Bắc Giang (KK),21.2667,106.2,65,65.21481424113551,49.57120135275444,26.35475,0.865,10.15990625,12.31832,21.63,95.0,1012.0,2.89
09/04/2025 02:00,Hà Nam: Công Viên Nam Cao - P.Quang Trung - TP. Phủ Lý (KK),20.5411,105.9139,79,79.18243164062501,,9.4850415,5.52335,8.07865625,,21.4,97.0,1012.0,1.98
09/04/2025 02:00,Long An: UBND Tp Tân An - 76 Hùng Vương - P.2 (KK),10.5333,106.4167,47,47.24418723582325,38.81662593985717,26.391016500000003,,,0.98868,27.17,74.0,1010.0,4.16
09/04/2025 02:00,"Bình Dương: số 593 Đại lộ Bình Dương, P. Hiệp Thành (KK)",10.9667,106.65,37,19.172022705078128,36.79655573730468,,6.2304,,0.47468,28.03,69.0,1010.0,4.63
09/04/2025 02:00,Quảng Bình: Khu kinh tế Hòn La (KK),,,118,34.94526395661853,21.82912048339844,2.376795,117.5667,0.425,3.3776000000000006,,,,
09/04/2025 05:00,Hà Nội: ĐHBK cổng Parabol đường Giải Phóng (KK),21.0245,105.8412,102,102.22707246907552,57.03689091278357,,7.9746,9.47221875,2.72068,23.0,95.0,1011.0,3.1
09/04/2025 05:00,Hà Nội: 556 Nguyễn Văn Cừ (KK),21.0333,105.85,82,81.92459218749998,53.64213604736328,2.547625,14.38,7.4981875,5.738,22.96,95.0,1011.0,3.06
09/04/2025 05:00,Hà Nội: Công viên Nhân Chính - Khuất Duy Tiến (KK),20.9725,105.7772,103,102.6906049449708,70.99833484431372,9.741475,3.28165,6.89634375,1.67232,23.01,95.0,1011.0,3.04
09/04/2025 05:00,HCM: Khu Liên cơ quan Bộ Tài Nguyên và Môi Trường - số 20 Đ. Lý Chính Thắng (KK),10.75,106.6667,77,40.55434487809992,39.94887375426928,,9.28125,15.27553125,77.44,27.26,72.0,1010.0,1.54
09/04/2025 05:00,HCM: Đ. Lê Hữu Kiều - P. Bình Trưng Tây - Quận 2 (Ngã ba Lê Hữu Kiểu và Trương Văn Bang) (KK),10.75,106.6667,43,35.86448427734376,42.629239677901445,,16.82335,,16.35368,27.26,72.0,1010.0,1.54
09/04/2025 05:00,Đà Nẵng: Khuôn viên trường ĐH sư phạm Đà Nẵng (KK),16.0406,108.2125,92,91.54774145507812,52.1873356201172,15.906079,8.55625,10.51875,1.672,23.01,88.0,1012.0,1.54
09/04/2025 05:00,Thái nguyên: Đường Hùng Vương - Tp Thái Nguyên (KK),21.5928,105.8442,117,117.17436482747397,59.99994436035156,3.058847,,,1.2764,21.89,96.0,1012.0,1.79
09/04/2025 03:00,Phú Thọ: đường Hùng Vương - Tp Việt Trì (KK),21.3019,105.4308,113,113.47450463867187,68.94739907226563,,20.74335,11.94271875,13.658680000000002,22.47,93.0,1011.0,3.09
09/04/2025 05:00,Bắc Giang: Khu liên cơ quan tỉnh Bắc Giang - P. Ngô Quyền - TP. Bắc Giang (KK),21.2667,106.2,78,77.90093584695705,54.10701673973788,31.0223375,0.77135,14.102875,13.31332,21.84,94.0,1012.0,2.64
09/04/2025 05:00,Hà Nam: Công Viên Nam Cao - P.Quang Trung - TP. Phủ Lý (KK),20.5411,105.9139,88,87.87687285156251,,9.457733500000002,7.62835,6.515874999999999,,21.07,97.0,1012.0,1.99
09/04/2025 05:00,Long An: UBND Tp Tân An - 76 Hùng Vương - P.2 (KK),10.5333,106.4167,45,44.68350035025711,36.62146027722281,28.2979375,,,0.97708,25.87,77.0,1010.0,3.81
09/04/2025 05:00,"Bình Dương: số 593 Đại lộ Bình Dương, P. Hiệp Thành (KK)",10.9667,106.65,44,27.279185449218744,43.583569458007815,,4.43665,,0.47468,27.03,74.0,1010.0,1.54
09/04/2025 05:00,Quảng Bình: Khu kinh tế Hòn La (KK),,,108,35.871803803397945,22.417735205078127,2.351475,107.9245,0.425,3.18,,,,
09/04/2025 06:00,Hà Nội: ĐHBK cổng Parabol đường Giải Phóng (KK),21.0245,105.8412,101,100.81735336260368,56.29529006948872,,9.4621,9.47221875,2.5833200000000005,23.0,95.0,1012.0,2.91
09/04/2025 06:00,Hà Nội: 556 Nguyễn Văn Cừ (KK),21.0333,105.85,80,80.30396337890625,52.13817169189453,4.923500000000001,14.38,6.59428125,5.778840000000001,22.96,95.0,1012.0,2.87
09/04/2025 06:00,Hà Nội: Công viên Nhân Chính - Khuất Duy Tiến (KK),20.9725,105.7772,97,97.42861198808144,68.9667502177674,13.819175,4.6979,2.12578125,1.92568,23.01,95.0,1012.0,2.82
09/04/2025 06:00,HCM: Khu Liên cơ quan Bộ Tài Nguyên và Môi Trường - số 20 Đ. Lý Chính Thắng (KK),10.75,106.6667,78,40.691042388278376,39.54766201383077,,12.81375,11.3513125,77.73333333333333,27.26,73.0,1010.0,1.54
09/04/2025 06:00,HCM: Đ. Lê Hữu Kiều - P. Bình Trưng Tây - Quận 2 (Ngã ba Lê Hữu Kiểu và Trương Văn Bang) (KK),10.75,106.6667,44,37.49096528320313,43.67775557754285,,14.6146,,16.34432,27.26,73.0,1010.0,1.54
09/04/2025 06:00,Đà Nẵng: Khuôn viên trường ĐH sư phạm Đà Nẵng (KK),16.0406,108.2125,94,93.92381318359377,55.61974074707031,16.18485,6.11165,8.89740625,1.536,23.01,88.0,1012.0,0.51
09/04/2025 06:00,Thái nguyên: Đường Hùng Vương - Tp Thái Nguyên (KK),21.5928,105.8442,122,122.2296688232422,60.79143400878907,3.314615,,,1.20784,21.94,95.0,1012.0,1.69
09/04/2025 06:00,Phú Thọ: đường Hùng Vương - Tp Việt Trì (KK),21.3019,105.4308,138,138.26991682942707,93.57904599609374,,18.4825,12.02109375,14.239,22.34,93.0,1012.0,3.06
09/04/2025 06:00,Bắc Giang: Khu liên cơ quan tỉnh Bắc Giang - P. Ngô Quyền - TP. Bắc Giang (KK),21.2667,106.2,78,78.2727412596236,54.33291964748919,27.496654,0.7309,15.854937499999998,11.57568,21.68,94.0,1012.0,2.59
09/04/2025 06:00,Hà Nam: Công Viên Nam Cao - P.Quang Trung - TP. Phủ Lý (KK),20.5411,105.9139,84,84.1673754394531,,10.0481665,3.5395,7.78775,,21.12,97.0,1012.0,1.94
09/04/2025 06:00,Long An: UBND Tp Tân An - 76 Hùng Vương - P.2 (KK),10.5333,106.4167,45,45.42717944639808,36.74446433065412,30.217725,,,1.11468,25.65,77.0,1010.0,3.44
09/04/2025 06:00,"Bình Dương: số 593 Đại lộ Bình Dương, P. Hiệp Thành (KK)",10.9667,106.65,44,30.737266064453127,43.74413426125078,,7.1779,,0.508,27.03,74.0,1010.0,1.54
09/04/2025 06:00,Quảng Bình: Khu kinh tế Hòn La (KK),,,116,35.6844974949966,22.65658041405092,2.371171,116.45708,0.425,3.426,,,,
09/04/2025 08:00,Hà Nội: ĐHBK cổng Parabol đường Giải Phóng (KK),21.0245,105.8412,89,89.04125183046187,53.82748768161454,,8.2423,9.47221875,2.62,23.0,87.0,1013.0,4.3
09/04/2025 08:00,Hà Nội: 556 Nguyễn Văn Cừ (KK),21.0333,105.85,90,90.31583149414062,56.46925554199218,12.2371875,14.38,6.57396875,5.7466800000000005,22.96,90.0,1013.0,4.31
09/04/2025 08:00,Hà Nội: Công viên Nhân Chính - Khuất Duy Tiến (KK),20.9725,105.7772,83,82.7617989896152,64.97815985753925,18.552421,3.89125,1.39609375,2.50732,23.01,89.0,1013.0,3.93
09/04/2025 08:00,HCM: Khu Liên cơ quan Bộ Tài Nguyên và Môi Trường - số 20 Đ. Lý Chính Thắng (KK),10.75,106.6667,45,44.64499147892855,42.581592303989,,16.60085,12.9125,77.73333333333333,29.48,69.0,1012.0,3.09
09/04/2025 08:00,HCM: Đ. Lê Hữu Kiều - P. Bình Trưng Tây - Quận 2 (Ngã ba Lê Hữu Kiểu và Trương Văn Bang) (KK),10.75,106.6667,50,50.43689897460936,48.693675569099135,,13.1071,,16.495,29.48,69.0,1012.0,3.09
09/04/2025 08:00,Đà Nẵng: Khuôn viên trường ĐH sư phạm Đà Nẵng (KK),16.0406,108.2125,100,100.1928947347005,60.25424440917968,23.968704,11.31375,19.19584375,1.6623200000000002,25.01,88.0,1013.0,1.54
09/04/2025 08:00,Thái nguyên: Đường Hùng Vương - Tp Thái Nguyên (KK),21.5928,105.8442,112,112.37577591959636,62.00514400634765,4.813066,,,1.3592000000000002,22.69,94.0,1013.0,2.34
09/04/2025 08:00,Phú Thọ: đường Hùng Vương - Tp Việt Trì (KK),21.3019,105.4308,123,123.45824804687498,83.07629809570312,,20.39875,14.49921875,11.319,23.19,91.0,1013.0,3.77
09/04/2025 08:00,Bắc Giang: Khu liên cơ quan tỉnh Bắc Giang - P. Ngô Quyền - TP. Bắc Giang (KK),21.2667,106.2,76,75.76419097833265,53.84060498155261,33.237516500000005,0.9596,16.9861875,11.74232,24.02,87.0,1013.0,4.45
09/04/2025 08:00,Hà Nam: Công Viên Nam Cao - P.Quang Trung - TP. Phủ Lý (KK),20.5411,105.9139,76,76.35137060752604,,13.64075,9.1032,5.47421875,,24.05,84.0,1013.0,3.1
09/04/2025 08:00,Long An: UBND Tp Tân An - 76 Hùng Vương - P.2 (KK),10.5333,106.4167,48,48.29531801156888,35.098729260289645,33.6896835,,,1.53532,28.49,68.0,1012.0,4.12
09/04/2025 07:00,"Bình Dương: số 593 Đại lộ Bình Dương, P. Hiệp Thành (KK)",10.9667,106.65,44,34.41724980468749,44.29004731162004,,13.4925,,0.8006800000000001,29.03,70.0,1012.0,3.09
09/04/2025 08:00,Quảng Bình: Khu kinh tế Hòn La (KK),,,100,36.84563718473288,24.091529815873866,2.1422890000000003,99.7561,0.425,1.271,,,,
09/04/2025 09:00,Hà Nội: ĐHBK cổng Parabol đường Giải Phóng (KK),21.0245,105.8412,88,87.90465890763781,53.91340480596742,,9.33915,9.47221875,2.78732,26.0,76.0,1013.0,4.83
09/04/2025 09:00,Hà Nội: 556 Nguyễn Văn Cừ (KK),21.0333,105.85,101,101.3927010904948,61.89888330078125,8.902375,14.38,6.70703125,5.738,25.96,76.0,1013.0,4.73
09/04/2025 09:00,Hà Nội: Công viên Nhân Chính - Khuất Duy Tiến (KK),20.9725,105.7772,86,85.98642802035495,71.52739304915382,22.528954,5.00835,1.13578125,2.9056800000000003,26.01,77.0,1013.0,4.65
09/04/2025 09:00,HCM: Khu Liên cơ quan Bộ Tài Nguyên và Môi Trường - số 20 Đ. Lý Chính Thắng (KK),10.75,106.6667,54,54.31707779747084,49.37556860573809,,17.4421,20.077875,77.73333333333333,31.71,65.0,1012.0,3.6
09/04/2025 09:00,HCM: Đ. Lê Hữu Kiều - P. Bình Trưng Tây - Quận 2 (Ngã ba Lê Hữu Kiểu và Trương Văn Bang) (KK),10.75,106.6667,65,65.17859335937501,53.71336621749078,,10.5704,,16.397000000000002,31.71,65.0,1012.0,3.6
09/04/2025 09:00,Đà Nẵng: Khuôn viên trường ĐH sư phạm Đà Nẵng (KK),16.0406,108.2125,97,97.40221596679687,59.48523682861328,20.8823625,12.0425,16.05278125,1.82632,28.01,74.0,1013.0,1.54
09/04/2025 09:00,Thái nguyên: Đường Hùng Vương - Tp Thái Nguyên (KK),21.5928,105.8442,102,102.39293391927082,63.37031390380859,6.156395,,,1.61416,24.9,80.0,1013.0,3.22
09/04/2025 09:00,Bắc Giang: Khu liên cơ quan tỉnh Bắc Giang - P. Ngô Quyền - TP. Bắc Giang (KK),21.2667,106.2,77,77.07612618246112,54.32933208757704,29.670900000000003,0.99415,20.12525,10.07532,26.61,71.0,1013.0,5.27
09/04/2025 09:00,Hà Nam: Công Viên Nam Cao - P.Quang Trung - TP. Phủ Lý (KK),20.5411,105.9139,80,80.10541758157969,,14.4618875,8.19555,5.3455625,,26.86,70.0,1013.0,3.05
09/04/2025 09:00,Long An: UBND Tp Tân An - 76 Hùng Vương - P.2 (KK),10.5333,106.4167,49,49.41218514337105,33.602907866622225,28.756421,,,1.42732,31.65,53.0,1012.0,3.0
09/04/2025 09:00,"Bình Dương: số 593 Đại lộ Bình Dương, P. Hiệp Thành (KK)",10.9667,106.65,54,48.81055517578126,53.951620644713685,,14.17415,,0.5519999999999999,32.03,55.0,1012.0,3.6
09/04/2025 09:00,Quảng Bình: Khu kinh tế Hòn La (KK),,,91,36.98860308869935,24.2043279737772,2.2642635,90.79135,0.346875,2.3538,,,,
09/04/2025 10:00,Hà Nội: ĐHBK cổng Parabol đường Giải Phóng (KK),21.0245,105.8412,90,89.88755507734876,54.715453212323126,,9.2075,,2.76268,26.0,77.0,1013.0,4.83
09/04/2025 10:00,Hà Nội: 556 Nguyễn Văn Cừ (KK),21.0333,105.85,111,111.197740234375,65.79013754882814,6.7984375,14.38,6.5435,5.720680000000001,25.96,72.0,1012.0,5.04
09/04/2025 10:00,Hà Nội: Công viên Nhân Chính - Khuất Duy Tiến (KK),20.9725,105.7772,91,90.74796067576284,76.62319075075521,14.1143415,4.0096,4.246625,2.4526800000000004,26.01,72.0,1012.0,4.98
09/04/2025 10:00,HCM: Khu Liên cơ quan Bộ Tài Nguyên và Môi Trường - số 20 Đ. Lý Chính Thắng (KK),10.75,106.6667,69,68.5102572265625,56.0439179340398,,12.41335,32.81640625,77.73333333333333,31.71,64.0,1012.0,4.63
09/04/2025 10:00,HCM: Đ. Lê Hữu Kiều - P. Bình Trưng Tây - Quận 2 (Ngã ba Lê Hữu Kiểu và Trương Văn Bang) (KK),10.75,106.6667,71,71.40718486328124,54.92668510163652,,10.94085,,16.67068,31.71,64.0,1012.0,4.63
09/04/2025 10:00,Đà Nẵng: Khuôn viên trường ĐH sư phạm Đà Nẵng (KK),16.0406,108.2125,91,91.13454956054686,58.85465270996093,22.26065,11.5904,36.56875,1.7120000000000002,28.01,74.0,1013.0,1.54
09/04/2025 10:00,Thái nguyên: Đường Hùng Vương - Tp Thái Nguyên (KK),21.5928,105.8442,99,98.72577231445317,63.90413599211505,7.017958999999999,,,1.6197600000000003,25.93,77.0,1012.0,3.04
09/04/2025 10:00,Bắc Giang: Khu liên cơ quan tỉnh Bắc Giang - P. Ngô Quyền - TP. Bắc Giang (KK),21.2667,106.2,77,76.82812231597963,54.25978427035884,27.2527125,1.12585,22.6419375,9.95632,27.51,69.0,1012.0,5.28
09/04/2025 10:00,Hà Nam: Công Viên Nam Cao - P.Quang Trung - TP. Phủ Lý (KK),20.5411,105.9139,88,88.36987381252628,,13.81545,5.37835,7.18775,,27.88,66.0,1012.0,3.6
09/04/2025 10:00,Long An: UBND Tp Tân An - 76 Hùng Vương - P.2 (KK),10.5333,106.4167,49,49.15125483231153,31.96681267906112,28.4670585,,,1.37968,33.67,49.0,1011.0,2.59
09/04/2025 10:00,"Bình Dương: số 593 Đại lộ Bình Dương, P. Hiệp Thành (KK)",10.9667,106.65,57,48.950168359375,57.185618566894526,,10.7779,,0.572,32.03,55.0,1011.0,4.63
09/04/2025 10:00,Quảng Bình: Khu kinh tế Hòn La (KK),,,113,36.543177486424426,23.693822108495805,2.494545,113.0007,0.346875,3.3524000000000003,,,,
09/04/2025 11:00,Hà Nội: ĐHBK cổng Parabol đường Giải Phóng (KK),21.0245,105.8412,93,93.16449882889997,55.79489729686824,,8.49415,,2.8480000000000003,26.0,74.0,1013.0,5.13
09/04/2025 11:00,Hà Nội: 556 Nguyễn Văn Cừ (KK),21.0333,105.85,61,61.19311435546875,43.66751621093751,6.984500000000001,14.38,7.252874999999999,5.738,25.96,74.0,1013.0,5.04
09/04/2025 11:00,Hà Nội: Công viên Nhân Chính - Khuất Duy Tiến (KK),20.9725,105.7772,92,92.3155877419788,72.36314029213902,14.198396,4.0621,7.646875,2.268,26.01,74.0,1013.0,4.98
09/04/2025 11:00,HCM: Khu Liên cơ quan Bộ Tài Nguyên và Môi Trường - số 20 Đ. Lý Chính Thắng (KK),10.75,106.6667,79,79.40746870117187,60.84280770263671,,8.7654,41.21978125,77.73333333333333,32.82,62.0,1011.0,3.09
09/04/2025 11:00,HCM: Đ. Lê Hữu Kiều - P. Bình Trưng Tây - Quận 2 (Ngã ba Lê Hữu Kiểu và Trương Văn Bang) (KK),10.75,106.6667,74,73.83412807617187,55.15645118545482,,8.55665,,16.69468,32.82,62.0,1011.0,3.09
09/04/2025 11:00,Đà Nẵng: Khuôn viên trường ĐH sư phạm Đà Nẵng (KK),16.0406,108.2125,90,89.99255395263653,59.44668691922151,19.951371,12.12125,41.88884375,1.7000000000000002,28.01,74.0,1013.0,3.09
09/04/2025 11:00,Thái nguyên: Đường Hùng Vương - Tp Thái Nguyên (KK),21.5928,105.8442,110,110.330689240505,62.83973924922383,5.201688000000001,,,1.6056400000000002,25.93,77.0,1013.0,3.04
09/04/2025 11:00,Bắc Giang: Khu liên cơ quan tỉnh Bắc Giang - P. Ngô Quyền - TP. Bắc Giang (KK),21.2667,106.2,74,73.77386202704591,52.95642420658373,32.2080085,1.1554,25.70234375,8.971,27.52,71.0,1012.0,5.28
09/04/2025 11:00,Hà Nam: Công Viên Nam Cao - P.Quang Trung - TP. Phủ Lý (KK),20.5411,105.9139,98,98.41867885205995,,12.646878999999998,6.185,8.537749999999999,,27.88,67.0,1012.0,3.6
09/04/2025 11:00,Long An: UBND Tp Tân An - 76 Hùng Vương - P.2 (KK),10.5333,106.4167,47,47.45279214127995,30.766507873534348,28.358321,,,1.265,33.83,53.0,1011.0,2.59
09/04/2025 11:00,"Bình Dương: số 593 Đại lộ Bình Dương, P. Hiệp Thành (KK)",10.9667,106.65,61,47.25648530273438,60.83352268066406,,12.02,,0.7622800000000001,33.03,55.0,1011.0,3.09
09/04/2025 11:00,Quảng Bình: Khu kinh tế Hòn La (KK),,,120,36.18216264265382,23.30185555355901,2.4368455,119.60473,0.3125,2.34108,,,,
09/04/2025 12:00,Hà Nội: ĐHBK cổng Parabol đường Giải Phóng (KK),21.0245,105.8412,97,96.82955296423954,57.33308106187408,,8.2175,,2.6996800000000003,26.0,72.0,1011.0,4.75
09/04/2025 12:00,Hà Nội: 556 Nguyễn Văn Cừ (KK),21.0333,105.85,54,53.695694335937496,38.55181242675781,10.023521,14.38,8.028656250000001,5.712,25.96,72.0,1011.0,4.68
09/04/2025 12:00,Hà Nội: Công viên Nhân Chính - Khuất Duy Tiến (KK),20.9725,105.7772,94,93.89389717327614,69.92109738881518,15.551446,4.17665,6.9263125,2.4873200000000004,26.01,71.0,1011.0,4.68
09/04/2025 12:00,HCM: Khu Liên cơ quan Bộ Tài Nguyên và Môi Trường - số 20 Đ. Lý Chính Thắng (KK),10.75,106.6667,79,78.66088950195314,59.10939514160157,,7.67665,46.63725,77.73333333333333,35.01,46.0,1010.0,2.06
09/04/2025 12:00,HCM: Đ. Lê Hữu Kiều - P. Bình Trưng Tây - Quận 2 (Ngã ba Lê Hữu Kiểu và Trương Văn Bang) (KK),10.75,106.6667,77,76.688373046875,55.02188695168715,,10.20915,,16.753,35.01,46.0,1010.0,2.06
09/04/2025 12:00,Đà Nẵng: Khuôn viên trường ĐH sư phạm Đà Nẵng (KK),16.0406,108.2125,88,87.87104753095466,59.815024696267415,19.7649835,11.7729,13.5015625,1.63268,29.01,70.0,1012.0,4.12
09/04/2025 12:00,Thái nguyên: Đường Hùng Vương - Tp Thái Nguyên (KK),21.5928,105.8442,116,115.67304917664654,62.2545698425896,4.0646175,,,1.40836,27.08,74.0,1011.0,2.82
09/04/2025 12:00,Bắc Giang: Khu liên cơ quan tỉnh Bắc Giang - P. Ngô Quyền - TP. Bắc Giang (KK),21.2667,106.2,69,69.11079398487446,51.40198548343679,31.295612500000004,1.0225,25.57421875,8.16568,28.22,69.0,1011.0,4.62
09/04/2025 12:00,Hà Nam: Công Viên Nam Cao - P.Quang Trung - TP. Phủ Lý (KK),20.5411,105.9139,96,96.04847854924824,,12.0154585,6.1515,7.109125,,29.85,60.0,1011.0,4.48
09/04/2025 12:00,Long An: UBND Tp Tân An - 76 Hùng Vương - P.2 (KK),10.5333,106.4167,44,44.19152760990436,29.98589517864866,28.491604,,,1.2726800000000005,35.13,47.0,1010.0,2.57
09/04/2025 12:00,"Bình Dương: số 593 Đại lộ Bình Dương, P. Hiệp Thành (KK)",10.9667,106.65,65,45.69155078125,64.77790764160156,,6.90585,,0.776,35.03,46.0,1010.0,2.06
09/04/2025 12:00,Quảng Bình: Khu kinh tế Hòn La (KK),,,100,36.06940381818248,23.29017130098272,1.8735335,100.06825,0.3125,0.96628,,,,
09/04/2025 13:00,Hà Nội: ĐHBK cổng Parabol đường Giải Phóng (KK),21.0245,105.8412,99,99.12025885054511,58.57388937142472,,7.1279,,2.817,27.0,63.0,1010.0,4.08
09/04/2025 13:00,Hà Nội: 556 Nguyễn Văn Cừ (KK),21.0333,105.85,56,55.74283032226563,30.69848991699219,10.2382085,14.38,8.28521875,5.712,26.96,63.0,1010.0,4.13
09/04/2025 13:00,Hà Nội: Công viên Nhân Chính - Khuất Duy Tiến (KK),20.9725,105.7772,90,89.92875055516117,65.10238471236981,12.8988835,3.30835,9.1388125,2.26532,27.01,63.0,1009.0,3.97
09/04/2025 13:00,HCM: Khu Liên cơ quan Bộ Tài Nguyên và Môi Trường - số 20 Đ. Lý Chính Thắng (KK),10.75,106.6667,71,70.65351342773438,55.635244250488284,,6.22585,45.407812500000006,77.73333333333333,34.01,49.0,1009.0,3.09
09/04/2025 13:00,HCM: Đ. Lê Hữu Kiều - P. Bình Trưng Tây - Quận 2 (Ngã ba Lê Hữu Kiểu và Trương Văn Bang) (KK),10.75,106.6667,73,72.58063671874999,53.90127993585928,,5.90585,,16.40932,34.01,49.0,1009.0,3.09
09/04/2025 13:00,Đà Nẵng: Khuôn viên trường ĐH sư phạm Đà Nẵng (KK),16.0406,108.2125,84,83.9090915783075,58.50070071276909,18.0427375,9.59085,11.031875,1.5396800000000002,29.01,70.0,1010.0,4.63
09/04/2025 13:00,Thái nguyên: Đường Hùng Vương - Tp Thái Nguyên (KK),21.5928,105.8442,94,94.03651201171876,60.14366392548831,4.7842615,,,1.9874400000000003,27.95,69.0,1010.0,2.58
09/04/2025 13:00,Bắc Giang: Khu liên cơ quan tỉnh Bắc Giang - P. Ngô Quyền - TP. Bắc Giang (KK),21.2667,106.2,60,60.35845715519949,48.14021924993587,32.502491500000005,1.1354,29.162750000000003,7.86468,29.29,62.0,1010.0,4.29
09/04/2025 13:00,Hà Nam: Công Viên Nam Cao - P.Quang Trung - TP. Phủ Lý (KK),20.5411,105.9139,92,92.28182183132728,,11.536171,6.31,8.18125,,31.16,55.0,1009.0,5.15
09/04/2025 13:00,Long An: UBND Tp Tân An - 76 Hùng Vương - P.2 (KK),10.5333,106.4167,33,33.09223618164062,29.362756662801672,27.3646835,,,1.215,35.59,43.0,1008.0,4.51
09/04/2025 13:00,"Bình Dương: số 593 Đại lộ Bình Dương, P. Hiệp Thành (KK)",10.9667,106.65,67,43.04365849609375,66.84440665283203,,8.92625,,0.7648,34.03,49.0,1008.0,3.09
09/04/2025 13:00,Quảng Bình: Khu kinh tế Hòn La (KK),,,89,35.65680349562598,23.03811495894617,1.85344,88.652,0.3125,2.4916,,,,
09/04/2025 14:00,Hà Nội: ĐHBK cổng Parabol đường Giải Phóng (KK),21.0245,105.8412,106,106.21832957903416,60.22534379116853,,6.39085,,2.85868,27.0,66.0,1009.0,3.9
09/04/2025 14:00,Hà Nội: 556 Nguyễn Văn Cừ (KK),21.0333,105.85,46,46.35762890625,33.350377758789065,10.0616875,14.38,8.56484375,5.7262,26.96,66.0,1009.0,3.94
09/04/2025 14:00,Hà Nội: Công viên Nhân Chính - Khuất Duy Tiến (KK),20.9725,105.7772,98,98.0659590414294,65.69787083249284,11.7768835,3.3975,8.280999999999999,2.09432,27.01,64.0,1009.0,4.27
09/04/2025 14:00,HCM: Khu Liên cơ quan Bộ Tài Nguyên và Môi Trường - số 20 Đ. Lý Chính Thắng (KK),10.75,106.6667,61,60.83760595703126,52.21912368164063,,5.67125,43.3018125,77.73333333333333,33.93,61.0,1007.0,3.6
09/04/2025 14:00,HCM: Đ. Lê Hữu Kiều - P. Bình Trưng Tây - Quận 2 (Ngã ba Lê Hữu Kiểu và Trương Văn Bang) (KK),10.75,106.6667,61,61.08880732421874,52.24666557334642,,5.0921,,16.114680000000003,33.93,61.0,1007.0,3.6
09/04/2025 14:00,Đà Nẵng: Khuôn viên trường ĐH sư phạm Đà Nẵng (KK),16.0406,108.2125,76,76.3792513656569,57.24858990457997,18.214546,7.25415,15.5663125,1.468,29.01,65.0,1010.0,4.12
09/04/2025 14:00,Thái nguyên: Đường Hùng Vương - Tp Thái Nguyên (KK),21.5928,105.8442,74,73.8806558105469,58.26494976344701,4.6715865,,,2.77776,28.7,68.0,1009.0,2.07
09/04/2025 14:00,Bắc Giang: Khu liên cơ quan tỉnh Bắc Giang - P. Ngô Quyền - TP. Bắc Giang (KK),21.2667,106.2,53,53.195462804442485,43.385297012179386,29.224321,1.27915,30.128125,8.13532,29.72,64.0,1009.0,3.8
09/04/2025 14:00,Hà Nam: Công Viên Nam Cao - P.Quang Trung - TP. Phủ Lý (KK),20.5411,105.9139,86,86.15688867369282,,11.315571,11.64,4.164312499999999,,30.99,56.0,1008.0,5.53
09/04/2025 14:00,Long An: UBND Tp Tân An - 76 Hùng Vương - P.2 (KK),10.5333,106.4167,30,27.372351611328128,29.506079773605805,26.964029,,,1.2133200000000002,36.34,50.0,1007.0,6.41
09/04/2025 14:00,"Bình Dương: số 593 Đại lộ Bình Dương, P. Hiệp Thành (KK)",10.9667,106.65,66,39.61970258789063,65.61287470703125,,3.7429,,0.6040000000000001,34.03,52.0,1007.0,3.6
09/04/2025 14:00,Quảng Bình: Khu kinh tế Hòn La (KK),,,118,35.839457876869496,23.46338378799119,2.4205335,117.67567,0.3125,3.625,,,,
09/04/2025 15:00,Hà Nội: ĐHBK cổng Parabol đường Giải Phóng (KK),21.0245,105.8412,113,113.0859892461792,61.54486807963354,,7.41085,,2.9376800000000003,27.0,65.0,1008.0,4.29
09/04/2025 15:00,Hà Nội: 556 Nguyễn Văn Cừ (KK),21.0333,105.85,69,68.95880878906249,51.73318454589844,11.6408335,14.38,8.37603125,5.720680000000001,26.96,65.0,1008.0,4.42
09/04/2025 15:00,Hà Nội: Công viên Nhân Chính - Khuất Duy Tiến (KK),20.9725,105.7772,99,99.26469695539852,65.97580694272779,15.443471,4.98085,6.675,2.47968,27.01,64.0,1007.0,4.45
09/04/2025 15:00,HCM: Khu Liên cơ quan Bộ Tài Nguyên và Môi Trường - số 20 Đ. Lý Chính Thắng (KK),10.75,106.6667,78,52.852323730468754,50.05729414062501,,5.4225,37.5513125,77.61777777777777,33.93,60.0,1006.0,4.12
09/04/2025 15:00,HCM: Đ. Lê Hữu Kiều - P. Bình Trưng Tây - Quận 2 (Ngã ba Lê Hữu Kiểu và Trương Văn Bang) (KK),10.75,106.6667,50,50.33607255859376,50.132398678932326,,5.11335,,16.14668,33.93,60.0,1006.0,4.12
09/04/2025 15:00,Đà Nẵng: Khuôn viên trường ĐH sư phạm Đà Nẵng (KK),16.0406,108.2125,68,68.28739050038928,55.439902780995936,17.647862500000002,9.3925,14.07415625,1.3783200000000002,28.01,69.0,1009.0,3.6
09/04/2025 15:00,Thái nguyên: Đường Hùng Vương - Tp Thái Nguyên (KK),21.5928,105.8442,80,79.75301440429688,57.93501202265285,4.3375835,,,2.44016,29.27,67.0,1008.0,2.45
09/04/2025 15:00,Phú Thọ: đường Hùng Vương - Tp Việt Trì (KK),21.3019,105.4308,99,99.16673593749998,56.07678735351561,,17.65855,36.59375,14.252000000000002,31.05,64.0,1007.0,4.02
09/04/2025 15:00,Bắc Giang: Khu liên cơ quan tỉnh Bắc Giang - P. Ngô Quyền - TP. Bắc Giang (KK),21.2667,106.2,50,50.36370055065169,40.68662753890552,33.5077625,1.3829,26.08775,10.49468,30.55,62.0,1008.0,4.21
09/04/2025 15:00,Hà Nam: Công Viên Nam Cao - P.Quang Trung - TP. Phủ Lý (KK),20.5411,105.9139,82,82.40178239094146,,11.5040875,6.91335,9.26328125,,30.23,58.0,1007.0,5.85
09/04/2025 15:00,Long An: UBND Tp Tân An - 76 Hùng Vương - P.2 (KK),10.5333,106.4167,29,26.07447817382813,28.861506649407648,27.567291500000003,,,1.2006800000000002,36.09,52.0,1007.0,6.72
09/04/2025 15:00,"Bình Dương: số 593 Đại lộ Bình Dương, P. Hiệp Thành (KK)",10.9667,106.65,63,39.97563481445312,63.33541629638672,,3.9479,,0.652,35.03,49.0,1007.0,4.63
09/04/2025 15:00,Quảng Bình: Khu kinh tế Hòn La (KK),,,127,36.568622517518016,24.05608517104579,2.6316335,127.03592,0.3140624999999999,2.48968,,,,
09/04/2025 16:00,Hà Nội: ĐHBK cổng Parabol đường Giải Phóng (KK),21.0245,105.8412,116,115.87050558522031,63.02545950203245,,10.4496,,2.83232,28.0,63.0,1007.0,5.58
09/04/2025 16:00,Hà Nội: 556 Nguyễn Văn Cừ (KK),21.0333,105.85,97,97.36246391601564,61.86129427490235,10.9204375,14.38,8.72290625,5.72932,27.96,63.0,1007.0,5.68
09/04/2025 16:00,Hà Nội: Công viên Nhân Chính - Khuất Duy Tiến (KK),20.9725,105.7772,100,99.50494932263253,66.968976828851,12.731954000000002,5.1796,6.628125000000001,2.2510000000000003,28.01,61.0,1006.0,5.61
09/04/2025 16:00,HCM: Khu Liên cơ quan Bộ Tài Nguyên và Môi Trường - số 20 Đ. Lý Chính Thắng (KK),10.75,106.6667,78,47.400655029296864,47.4263126953125,,5.41875,26.6799375,77.65406666666667,32.82,64.0,1006.0,6.26
09/04/2025 16:00,HCM: Đ. Lê Hữu Kiều - P. Bình Trưng Tây - Quận 2 (Ngã ba Lê Hữu Kiểu và Trương Văn Bang) (KK),10.75,106.6667,43,40.55023906250001,43.086434235398,,5.28415,,16.14532,32.82,64.0,1006.0,6.26
09/04/2025 16:00,Đà Nẵng: Khuôn viên trường ĐH sư phạm Đà Nẵng (KK),16.0406,108.2125,63,63.4367581632622,53.541609635274064,19.9397,13.0604,11.68125,1.4413200000000002,27.01,74.0,1009.0,3.09
09/04/2025 16:00,Thái nguyên: Đường Hùng Vương - Tp Thái Nguyên (KK),21.5928,105.8442,87,86.89013457031251,58.89878424883002,4.5534930000000005,,,2.3286,30.13,63.0,1006.0,2.16
09/04/2025 16:00,Bắc Giang: Khu liên cơ quan tỉnh Bắc Giang - P. Ngô Quyền - TP. Bắc Giang (KK),21.2667,106.2,51,50.65433800037805,39.91665946299177,27.304483500000003,1.41875,22.1924375,16.44368,30.39,61.0,1006.0,6.1
09/04/2025 16:00,Hà Nam: Công Viên Nam Cao - P.Quang Trung - TP. Phủ Lý (KK),20.5411,105.9139,81,81.4017636309681,,11.2585625,3.25225,10.559375,,28.83,61.0,1007.0,5.79
09/04/2025 16:00,Long An: UBND Tp Tân An - 76 Hùng Vương - P.2 (KK),10.5333,106.4167,30,29.96128447265625,28.82870328250004,27.98825,,,1.3310000000000002,33.6,55.0,1007.0,6.7
09/04/2025 16:00,"Bình Dương: số 593 Đại lộ Bình Dương, P. Hiệp Thành (KK)",10.9667,106.65,62,43.26059379378762,61.63747546488908,,4.11335,,0.416,34.03,52.0,1006.0,6.17
09/04/2025 16:00,Quảng Bình: Khu kinh tế Hòn La (KK),,,101,36.65441693525536,24.19452522806592,1.8671875,100.61692,0.3140624999999999,0.8340000000000001,,,,
09/04/2025 17:00,Hà Nội: ĐHBK cổng Parabol đường Giải Phóng (KK),21.0245,105.8412,116,115.6582235365484,63.99273132493795,,9.7204,,2.91068,27.0,69.0,1007.0,6.19
09/04/2025 17:00,Hà Nội: 556 Nguyễn Văn Cừ (KK),21.0333,105.85,116,115.56144396972658,68.73798936767577,13.1245625,,8.03359375,5.764,26.96,69.0,1007.0,6.11
09/04/2025 17:00,Hà Nội: Công viên Nhân Chính - Khuất Duy Tiến (KK),20.9725,105.7772,91,91.36571326737626,65.79840323309877,21.9356375,6.1654,5.4734375,2.399,27.01,67.0,1006.0,6.39
09/04/2025 17:00,HCM: Khu Liên cơ quan Bộ Tài Nguyên và Môi Trường - số 20 Đ. Lý Chính Thắng (KK),10.75,106.6667,77,43.6945576171875,45.17478364257813,,5.02915,22.6143125,77.4,31.15,66.0,1006.0,6.69
09/04/2025 17:00,HCM: Đ. Lê Hữu Kiều - P. Bình Trưng Tây - Quận 2 (Ngã ba Lê Hữu Kiểu và Trương Văn Bang) (KK),10.75,106.6667,35,29.91866689453126,35.15419814453124,,5.17335,,16.08632,31.15,66.0,1006.0,6.69
09/04/2025 17:00,Đà Nẵng: Khuôn viên trường ĐH sư phạm Đà Nẵng (KK),16.0406,108.2125,61,60.80117557786716,51.59584829929058,18.8612085,10.6446,14.96509375,1.386,26.01,78.0,1009.0,2.57
09/04/2025 17:00,Thái nguyên: Đường Hùng Vương - Tp Thái Nguyên (KK),21.5928,105.8442,84,83.98446699218749,60.31351278032082,4.2870795,,,1.93296,30.07,65.0,1006.0,2.54
09/04/2025 17:00,Phú Thọ: đường Hùng Vương - Tp Việt Trì (KK),21.3019,105.4308,118,118.30765332031254,62.31138433837891,,20.02,33.284375000000004,14.880000000000004,31.43,63.0,1006.0,2.52
09/04/2025 17:00,Bắc Giang: Khu liên cơ quan tỉnh Bắc Giang - P. Ngô Quyền - TP. Bắc Giang (KK),21.2667,106.2,54,53.78262540711558,42.39573734834267,33.950187500000006,1.2525,19.1424375,15.353000000000002,28.92,66.0,1007.0,6.74
09/04/2025 17:00,Hà Nam: Công Viên Nam Cao - P.Quang Trung - TP. Phủ Lý (KK),20.5411,105.9139,80,79.52043799113986,,11.1204415,4.223,9.1669375,,26.98,68.0,1007.0,4.9
09/04/2025 17:00,Long An: UBND Tp Tân An - 76 Hùng Vương - P.2 (KK),10.5333,106.4167,30,29.59294794921875,28.834158535415405,29.551829,,,1.24632,32.11,59.0,1007.0,6.34
09/04/2025 17:00,"Bình Dương: số 593 Đại lộ Bình Dương, P. Hiệp Thành (KK)",10.9667,106.65,59,44.66990687066809,58.74430026548789,,2.6229,,0.416,32.03,58.0,1006.0,6.69
09/04/2025 17:00,Quảng Bình: Khu kinh tế Hòn La (KK),,,82,36.34307942422316,24.02496608664483,1.82667,81.8435,1.840625,2.6184000000000003,,,,
09/04/2025 18:00,Hà Nội: ĐHBK cổng Parabol đường Giải Phóng (KK),21.0245,105.8412,118,118.24012466629114,64.95513514443812,,11.62165,,2.68132,27.0,72.0,1007.0,6.67
09/04/2025 18:00,Hà Nội: 556 Nguyễn Văn Cừ (KK),21.0333,105.85,127,127.4137146809896,74.66836408691407,13.506229,,6.6763125,5.720680000000001,26.96,72.0,1007.0,6.58
09/04/2025 18:00,Hà Nội: Công viên Nhân Chính - Khuất Duy Tiến (KK),20.9725,105.7772,85,85.33966298975254,66.67511346212005,19.5393085,6.04835,5.38203125,2.25932,27.01,71.0,1007.0,6.87
09/04/2025 18:00,HCM: Khu Liên cơ quan Bộ Tài Nguyên và Môi Trường - số 20 Đ. Lý Chính Thắng (KK),10.75,106.6667,77,39.591461523437495,41.35055915527342,,6.77125,20.98646875,77.12544444444444,30.04,70.0,1007.0,6.69
09/04/2025 18:00,HCM: Đ. Lê Hữu Kiều - P. Bình Trưng Tây - Quận 2 (Ngã ba Lê Hữu Kiểu và Trương Văn Bang) (KK),10.75,106.6667,32,26.500356835937502,32.44806293945312,,4.8829,,15.98932,30.04,70.0,1007.0,6.69
09/04/2025 18:00,Đà Nẵng: Khuôn viên trường ĐH sư phạm Đà Nẵng (KK),16.0406,108.2125,59,58.87290547679518,47.45221801288862,25.134875,13.21415,8.43021875,1.3650000000000002,26.01,78.0,1009.0,3.09
09/04/2025 18:00,Thái nguyên: Đường Hùng Vương - Tp Thái Nguyên (KK),21.5928,105.8442,89,88.65182431640625,59.5291781348663,5.547439000000001,,,1.92456,27.64,70.0,1007.0,3.69
09/04/2025 18:00,Phú Thọ: đường Hùng Vương - Tp Việt Trì (KK),21.3019,105.4308,110,109.7400955403646,60.78180415039064,8.0625,20.02,19.3875,14.880000000000004,28.82,67.0,1006.0,4.98
09/04/2025 18:00,Bắc Giang: Khu liên cơ quan tỉnh Bắc Giang - P. Ngô Quyền - TP. Bắc Giang (KK),21.2667,106.2,58,58.143101898908895,46.01131422634117,37.3673875,1.3171,15.40415625,19.506680000000003,26.14,72.0,1007.0,7.52
09/04/2025 18:00,Hà Nam: Công Viên Nam Cao - P.Quang Trung - TP. Phủ Lý (KK),20.5411,105.9139,73,72.52171884128542,,11.5980335,8.3025,8.2203125,,25.23,76.0,1008.0,6.15
09/04/2025 18:00,Long An: UBND Tp Tân An - 76 Hùng Vương - P.2 (KK),10.5333,106.4167,30,26.76236728515625,28.7631009448934,30.2309375,,,1.18768,29.98,66.0,1007.0,6.1
09/04/2025 18:00,"Bình Dương: số 593 Đại lộ Bình Dương, P. Hiệp Thành (KK)",10.9667,106.65,54,40.118959018888624,53.64928037501885,,2.05375,,0.416,31.03,62.0,1007.0,6.69
09/04/2025 18:00,Quảng Bình: Khu kinh tế Hòn La (KK),,,110,36.26569160612716,24.5335399348445,2.4332165,109.74283,0.471875,3.289,,,,
09/04/2025 19:00,Hà Nội: ĐHBK cổng Parabol đường Giải Phóng (KK),21.0245,105.8412,116,115.92655112139845,64.23719359941438,,8.995,,2.70868,26.0,81.0,1008.0,5.77
09/04/2025 19:00,Hà Nội: 556 Nguyễn Văn Cừ (KK),21.0333,105.85,130,129.57548103841145,75.03913937988281,9.7992915,,6.50259375,5.72932,25.96,81.0,1008.0,5.69
09/04/2025 19:00,Hà Nội: Công viên Nhân Chính - Khuất Duy Tiến (KK),20.9725,105.7772,78,77.6358711487594,64.2046802682555,18.4666125,4.7421,4.35,2.43468,26.01,80.0,1008.0,5.76
09/04/2025 19:00,HCM: Khu Liên cơ quan Bộ Tài Nguyên và Môi Trường - số 20 Đ. Lý Chính Thắng (KK),10.75,106.6667,77,36.11950576171875,36.5689707763672,,6.2504,18.5203125,76.87648888888889,28.93,73.0,1008.0,6.69
09/04/2025 19:00,HCM: Đ. Lê Hữu Kiều - P. Bình Trưng Tây - Quận 2 (Ngã ba Lê Hữu Kiểu và Trương Văn Bang) (KK),10.75,106.6667,33,30.08786743164063,33.2350826171875,,6.31,,16.18432,28.93,73.0,1008.0,6.69
09/04/2025 19:00,Đà Nẵng: Khuôn viên trường ĐH sư phạm Đà Nẵng (KK),16.0406,108.2125,58,57.7239407480682,46.82126366779119,19.929004,10.47165,30.87553125,1.688,26.01,83.0,1009.0,3.09
09/04/2025 19:00,Thái nguyên: Đường Hùng Vương - Tp Thái Nguyên (KK),21.5928,105.8442,109,108.60898982747398,58.77156419891706,5.249997499999999,,,2.9656800000000003,25.95,77.0,1008.0,5.13
09/04/2025 19:00,Phú Thọ: đường Hùng Vương - Tp Việt Trì (KK),21.3019,105.4308,99,98.6260922363281,57.41500023627899,8.017857000000001,20.02,16.197781250000002,14.880000000000004,26.58,76.0,1008.0,6.2
09/04/2025 19:00,Bắc Giang: Khu liên cơ quan tỉnh Bắc Giang - P. Ngô Quyền - TP. Bắc Giang (KK),21.2667,106.2,62,61.83421113587262,50.00289294191501,28.449705,1.29585,13.5328125,21.024320000000003,24.82,81.0,1009.0,6.77
09/04/2025 19:00,Hà Nam: Công Viên Nam Cao - P.Quang Trung - TP. Phủ Lý (KK),20.5411,105.9139,67,66.85947628186582,,11.418521,4.483,8.16978125,,24.04,86.0,1008.0,3.45
09/04/2025 19:00,Long An: UBND Tp Tân An - 76 Hùng Vương - P.2 (KK),10.5333,106.4167,31,26.559280126953123,28.25993957350917,30.5546085,,,1.135,29.38,71.0,1009.0,5.15
09/04/2025 19:00,"Bình Dương: số 593 Đại lộ Bình Dương, P. Hiệp Thành (KK)",10.9667,106.65,47,31.83697568359375,46.71693569335937,,2.2325,,0.416,29.03,74.0,1008.0,6.69
09/04/2025 19:00,Quảng Bình: Khu kinh tế Hòn La (KK),,,113,36.708559822156545,25.719363574476805,2.5051665,112.51217,0.471875,2.4856800000000003,,,,
