date,location,NO2,SO2,CO,O3,CH4,HCHO,AER_AI,AER_LH,CLOUD
2025-04-01,Hà Nội: ĐHBK cổng Parabol đường Giải Phóng,6.481399095066349e-05,2.8559018803249863e-05,0.06997517806056051,0.12403083065065278,,0.0003213424516898381,-0.42813883019817756,1121.760400738907,0.11434512243647375
2025-04-01,Hà Nội: 556 Nguyễn Văn Cừ,6.853168603062037e-05,1.5857967475046962e-05,0.06866943794633878,0.12387253457467175,,0.00034574707594631015,-0.42430400028958615,946.9293004155617,0.09750882215026808
2025-04-01,Hà Nội: Công viên Nhân Chính - Khuất Duy Tiến,5.8988912191844844e-05,3.3929477241915766e-05,0.07123449015219505,0.12397378440357569,,0.00030536051489930897,-0.41862428254556894,1249.6177321522835,0.1341080386809323
2025-04-01,HCM: Khu Liên cơ quan Bộ Tài Nguyên và Môi Trường - số 20 Đ. Lý Chính Thắng,0.00013319757332064895,-2.6225337898780425e-05,0.030556033804770608,0.11152338692889086,,0.0003758904545816847,-0.8762638582843849,,0.7824194038434142
2025-04-01,HCM: Đ. Lê Hữu Kiều - P. Bình Trưng Tây - Quận 2 (Ngã ba Lê Hữu Kiểu và Trương Văn Bang),8.460392126372284e-05,,0.028791848169443107,0.11215723708425653,,0.00044396541452694163,-0.7125318189722809,,0.9269241372350865
2025-04-01,Đà Nẵng: Khuôn viên trường ĐH sư phạm Đà Nẵng,,,0.043202906388437275,0.1207838481713569,,,-0.9953230988340188,,0.9280507339598341
2025-04-01,Thái nguyên: Đường Hùng Vương - Tp Thái Nguyên,4.051941702087405e-05,6.779078863048866e-05,0.06790847061989545,0.12357100798783324,,0.00023033711881906204,-0.11652837164354474,1514.3580377159947,0.5481700742366566
2025-04-01,Phú Thọ: đường Hùng Vương - Tp Việt Trì,4.2776377088682306e-05,2.1500402644687703e-05,0.07038751536167352,0.12316163881756355,,0.00025844914738932417,-0.4927601297254308,,0.2862107920241556
2025-04-01,Bắc Giang: Khu liên cơ quan tỉnh Bắc Giang - P. Ngô Quyền - TP. Bắc Giang,4.097025798365962e-05,5.322451149424343e-06,0.06619662544764793,0.12379543902256464,,0.000277083333984674,-0.3290167528405604,1196.1460983206855,0.23934717414949233
2025-04-01,Hà Nam: Công Viên Nam Cao - P.Quang Trung - TP. Phủ Lý,8.042432825173957e-05,1.8043662128979534e-05,0.07078337394079436,0.12370488553012465,,0.00029290014466751356,-0.28307941365108336,855.9741459809868,0.2290478878427239
2025-04-01,Long An: UBND Tp Tân An - 76 Hùng Vương - P.2,,,,0.11105289147554852,,,-0.24226631019668693,,0.9907096474697155
2025-04-01,"Bình Dương: số 593 Đại lộ Bình Dương, P. Hiệp Thành",,,0.027423566563877365,0.1117616647774396,,,-0.4784632744631793,,0.9729585346809615
2025-04-01,Quảng Bình: Khu kinh tế Hòn La,6.804725909371303e-05,-6.595664932079433e-05,0.07096020368131853,0.1215826513577923,,0.0002387006722554543,0.8845603888835845,,0.4393573992928307
2025-04-02,Hà Nội: ĐHBK cổng Parabol đường Giải Phóng,0.0001083056525168587,4.6403937518089334e-05,0.07424044364309006,0.12000613121501719,,0.00037116463049733,-0.45751628655534493,,0.24520151002335439
2025-04-02,Hà Nội: 556 Nguyễn Văn Cừ,0.00010619974454510849,1.198707622629851e-05,0.0713924337021919,0.11996950872087621,,0.00036065208129767816,-0.45646905686280853,,0.22618499199298517
2025-04-02,Hà Nội: Công viên Nhân Chính - Khuất Duy Tiến,9.537860395240407e-05,7.463129928383305e-05,0.07293516525221021,0.1200260723085622,,0.0003521459207404183,-0.4120484091935206,,0.26049143151487497
2025-04-02,HCM: Khu Liên cơ quan Bộ Tài Nguyên và Môi Trường - số 20 Đ. Lý Chính Thắng,4.845029403818571e-05,-2.980173613775963e-05,0.03374585486615936,0.11333172896192563,,0.00015182583057185054,-1.3851993636438653,,0.270980166666181
2025-04-02,HCM: Đ. Lê Hữu Kiều - P. Bình Trưng Tây - Quận 2 (Ngã ba Lê Hữu Kiểu và Trương Văn Bang),4.593675586346355e-05,-5.490622769601755e-05,0.03413345720007653,0.11286588990556379,,0.00014706701316906636,-1.727375251676521,,0.43862335387224083
2025-04-02,Đà Nẵng: Khuôn viên trường ĐH sư phạm Đà Nẵng,,,,0.11807787083525487,,,0.3414603878752076,,1.0000000001342677
2025-04-02,Thái nguyên: Đường Hùng Vương - Tp Thái Nguyên,7.952468062889917e-05,-9.344172515763473e-05,0.06646852617205457,0.12013702435665612,,0.00031655689159365504,-0.5082724800204742,2431.2042009511897,0.23340428603799313
2025-04-02,Phú Thọ: đường Hùng Vương - Tp Việt Trì,4.932600971501346e-05,3.503412767149348e-05,0.07077758637195175,0.12027970975024889,,0.00025838521052388595,-0.5747481894346985,,0.2998203093650532
2025-04-02,Bắc Giang: Khu liên cơ quan tỉnh Bắc Giang - P. Ngô Quyền - TP. Bắc Giang,8.38386432961445e-05,-1.3591962840723013e-05,0.06983994802601219,0.11979856357769851,,0.0003301113220048367,-0.296037783923969,,0.1817507704183105
2025-04-02,Hà Nam: Công Viên Nam Cao - P.Quang Trung - TP. Phủ Lý,0.0001661956686360966,7.399218100435135e-05,0.06728402811458246,0.12068495189822057,,0.0002717994953956498,-0.6875526756417324,1065.9503763970467,0.32384034225091013
2025-04-02,Long An: UBND Tp Tân An - 76 Hùng Vương - P.2,,,0.030763945436226185,0.11145940730535385,,0.0005542738233898646,-1.4554149164377685,,0.7680861423381335
2025-04-02,"Bình Dương: số 593 Đại lộ Bình Dương, P. Hiệp Thành",5.206227941125115e-05,7.59440244874382e-05,0.03422547471554907,0.11209010283521832,,0.00017542893515652612,-1.4213554508418924,,0.5541679935646231
2025-04-02,Quảng Bình: Khu kinh tế Hòn La,4.151638014218198e-05,2.1592458233718626e-07,0.060814914012495384,0.12153547166393255,,0.00014743635688545254,-0.08388968263937707,,0.7091660221078795
2025-04-03,Hà Nội: ĐHBK cổng Parabol đường Giải Phóng,0.00010604888609206577,4.780843800599684e-05,0.07913723724472968,0.12251724893749032,,0.0002940490528312588,0.875975511555846,,0.20324017402248473
2025-04-03,Hà Nội: 556 Nguyễn Văn Cừ,9.238891647966771e-05,1.8546487278204618e-05,0.0789824457947032,0.12264331464578614,,0.0003373182671036772,0.8334720730952548,,0.19858537417829822
2025-04-03,Hà Nội: Công viên Nhân Chính - Khuất Duy Tiến,0.00011309932096192626,7.263580540992984e-06,0.08008663371213587,0.12233177342040003,,0.00025632998474711324,0.8687756797379288,,0.20833335221398086
2025-04-03,HCM: Khu Liên cơ quan Bộ Tài Nguyên và Môi Trường - số 20 Đ. Lý Chính Thắng,3.3784180161586334e-05,-0.0001722409207999214,0.03067321361224853,0.11654706703137128,,0.0004024032749747298,-0.8270783187235414,,0.3094834822865807
2025-04-03,HCM: Đ. Lê Hữu Kiều - P. Bình Trưng Tây - Quận 2 (Ngã ba Lê Hữu Kiểu và Trương Văn Bang),2.8721918260674192e-05,-0.00011445792364243546,0.029329640118409765,0.1165530797545497,,0.0003242062908743848,-0.9476901204802123,,0.26512341800408856
2025-04-03,Đà Nẵng: Khuôn viên trường ĐH sư phạm Đà Nẵng,,,0.0552846845136113,0.11837515739823568,,,0.40603730413146893,,0.9999999970189067
2025-04-03,Thái nguyên: Đường Hùng Vương - Tp Thái Nguyên,,0.0001643786784434659,0.08042643990458527,0.12323962364389247,,0.0002993376639342387,0.30870580747282067,,0.21874327553214704
2025-04-03,Phú Thọ: đường Hùng Vương - Tp Việt Trì,,0.00013617190259191154,,0.12255608822470615,,0.0003497296118661464,0.6570715541882796,,0.270632250524357
2025-04-03,Bắc Giang: Khu liên cơ quan tỉnh Bắc Giang - P. Ngô Quyền - TP. Bắc Giang,,0.00017765699435384695,0.08258906274349162,0.12226686774200163,,0.00033457932013370985,0.5736113936419951,,0.2110174833522172
2025-04-03,Hà Nam: Công Viên Nam Cao - P.Quang Trung - TP. Phủ Lý,7.47549532595426e-05,7.39001455784941e-05,0.08467922121617195,0.12138643431004285,,0.0002786466360514451,2.268170863223701,3366.2750949898546,0.2270844812322994
2025-04-03,Long An: UBND Tp Tân An - 76 Hùng Vương - P.2,3.191819353433278e-05,7.238186888348923e-05,0.033983465259116205,0.11558657278833565,,0.00015145013199851845,-0.8174472358371432,,0.2136274135006188
2025-04-03,"Bình Dương: số 593 Đại lộ Bình Dương, P. Hiệp Thành",3.7294939273576423e-05,4.1291141134598455e-05,0.029991269181886705,0.11569908076812545,,0.0002782950030788698,-0.6281023423803883,,0.1481723180326705
2025-04-03,Quảng Bình: Khu kinh tế Hòn La,,,,0.11924965605006622,,,0.15271371684045915,,0.8320064349977325
2025-04-04,Hà Nội: ĐHBK cổng Parabol đường Giải Phóng,9.500136044694162e-05,-2.198473437437787e-05,0.08946405868558084,0.1234163696904854,,0.0003412438872729165,1.733914898325985,3712.1590256264894,0.2743759949999077
2025-04-04,Hà Nội: 556 Nguyễn Văn Cừ,8.854971799066521e-05,-5.133686747350683e-05,0.09051603846315513,0.12318731385586171,,0.00036436089646101625,1.7998013183438462,3634.266205081305,0.30365432519227675
2025-04-04,Hà Nội: Công viên Nhân Chính - Khuất Duy Tiến,9.882711674808701e-05,6.219952796465922e-06,0.08950965358461367,0.12345759869721508,,0.00034347081281150085,1.6855757160131655,3762.994076373425,0.2534632901721064
2025-04-04,HCM: Khu Liên cơ quan Bộ Tài Nguyên và Môi Trường - số 20 Đ. Lý Chính Thắng,4.26961274559309e-05,,0.03316483212515689,0.11789460663962104,,0.0003368459287100691,-0.17430811995838771,,0.4607229778109253
2025-04-04,HCM: Đ. Lê Hữu Kiều - P. Bình Trưng Tây - Quận 2 (Ngã ba Lê Hữu Kiểu và Trương Văn Bang),4.3774499081318934e-05,,0.03326297994538231,0.11793062847970774,,0.0003275054648981245,-0.10358518276146658,,0.4335452133718528
2025-04-04,Đà Nẵng: Khuôn viên trường ĐH sư phạm Đà Nẵng,,,0.054041389991865155,0.120786634138497,,,0.2668891099043434,,0.7583029887252789
2025-04-04,Thái nguyên: Đường Hùng Vương - Tp Thái Nguyên,,0.00011484345152507622,,0.12233964234296263,,,1.9393145183541654,,0.45394228305531187
2025-04-04,Phú Thọ: đường Hùng Vương - Tp Việt Trì,0.00013018221191681332,9.802694157907107e-05,0.08932847595157505,0.12377041733873956,,0.00039042397550788187,1.508171639928002,4501.13223232942,0.19675351262826474
2025-04-04,Bắc Giang: Khu liên cơ quan tỉnh Bắc Giang - P. Ngô Quyền - TP. Bắc Giang,,,0.09186054190486412,0.12130719051136034,,,1.7591142453223445,,0.5933746857791711
2025-04-04,Hà Nam: Công Viên Nam Cao - P.Quang Trung - TP. Phủ Lý,0.00013777067297363995,-4.950935435789975e-06,0.08983054222326567,0.12348786487120267,,0.00036518836275087346,1.6734408973257269,3632.613587948641,0.23788557122723988
2025-04-04,Long An: UBND Tp Tân An - 76 Hùng Vương - P.2,3.3357912776738056e-05,-0.0003131659463250336,0.03206589093049502,0.11667816310462396,,,0.19334522115417518,,0.5621557794783336
2025-04-04,"Bình Dương: số 593 Đại lộ Bình Dương, P. Hiệp Thành",,,0.033927931939147185,0.1178324376335245,,,0.17550689487290347,,0.512914462327569
2025-04-04,Quảng Bình: Khu kinh tế Hòn La,,,,0.12194964400136682,,,0.5129114505406499,,0.6996184084488253
2025-04-05,Hà Nội: ĐHBK cổng Parabol đường Giải Phóng,,,,0.12476142902679996,,,0.47887272137939174,,1.0000000008090506
2025-04-05,Hà Nội: 556 Nguyễn Văn Cừ,,,,0.1249468159291843,,,0.41417615345464104,,1.0000000004562497
2025-04-05,Hà Nội: Công viên Nhân Chính - Khuất Duy Tiến,,,,0.12468488245038481,,,0.527320310766802,,1.0000000007633982
2025-04-05,HCM: Khu Liên cơ quan Bộ Tài Nguyên và Môi Trường - số 20 Đ. Lý Chính Thắng,6.368269680647552e-05,1.0829306291138158e-05,0.03832690014196518,0.11657505694697787,,0.0003175193917232836,-0.40370888204147504,2555.5705941599695,0.3578646670423166
2025-04-05,HCM: Đ. Lê Hữu Kiều - P. Bình Trưng Tây - Quận 2 (Ngã ba Lê Hữu Kiểu và Trương Văn Bang),6.011725218401765e-05,8.136133210338786e-05,0.03743984403160757,0.11652282222824048,,0.0002645297652741189,-0.5835066703662516,2505.9072646832474,0.30536152045569964
2025-04-05,Đà Nẵng: Khuôn viên trường ĐH sư phạm Đà Nẵng,2.970708934778239e-05,3.4197181381062274e-05,0.06392059752285602,0.12220368702297338,,0.00019788223626693478,-0.04466130507365319,893.958623288716,0.1606559574004873
2025-04-05,Thái nguyên: Đường Hùng Vương - Tp Thái Nguyên,,,,0.12456330496848773,,,1.677562213727441,,1.0000000003819682
2025-04-05,Phú Thọ: đường Hùng Vương - Tp Việt Trì,,,,0.12437664208738868,,,1.6413051088228663,,1.0000000005442184
2025-04-05,Bắc Giang: Khu liên cơ quan tỉnh Bắc Giang - P. Ngô Quyền - TP. Bắc Giang,,,,0.12492278835023393,,,0.8346131483151324,,0.9934360305183364
2025-04-05,Hà Nam: Công Viên Nam Cao - P.Quang Trung - TP. Phủ Lý,,,,0.12426649549202087,,,1.2738227531241595,,0.9802637095043264
2025-04-05,Long An: UBND Tp Tân An - 76 Hùng Vương - P.2,2.4846054458146708e-05,1.4666194422125431e-05,0.03740196639893519,0.1161754428442047,,0.00015508693233339503,-0.7007435580710657,2711.5885719069615,0.13289757189433624
2025-04-05,"Bình Dương: số 593 Đại lộ Bình Dương, P. Hiệp Thành",6.353185383586342e-05,1.965188914572547e-06,0.03867064485875616,0.11642717313250968,,0.00030636039953245734,-0.6101836648061953,1606.620250746407,0.3440216999647209
2025-04-05,Quảng Bình: Khu kinh tế Hòn La,,,,0.12182416537439351,,,0.7067592872109071,,0.9721529002602608
2025-04-06,Hà Nội: ĐHBK cổng Parabol đường Giải Phóng,,,,0.12354801034196036,,,0.4213043844036322,,1.0000000002638723
2025-04-06,Hà Nội: 556 Nguyễn Văn Cừ,,,,0.1239711867646259,,,0.42122703613380935,,1.000000000155221
2025-04-06,Hà Nội: Công viên Nhân Chính - Khuất Duy Tiến,,,,0.12348189409227768,,,0.29035351958830974,,1.0000000002181246
2025-04-06,HCM: Khu Liên cơ quan Bộ Tài Nguyên và Môi Trường - số 20 Đ. Lý Chính Thắng,4.481364437559167e-05,-1.1424197183716059e-06,0.03470955858516198,0.11805224947266373,,0.00020124549746863463,-0.46291575175809246,2305.8402770830567,0.2786148160362607
2025-04-06,HCM: Đ. Lê Hữu Kiều - P. Bình Trưng Tây - Quận 2 (Ngã ba Lê Hữu Kiểu và Trương Văn Bang),4.1265736421691e-05,4.995032201772144e-06,0.03341590359108661,0.11770421904281286,,0.000231265164510568,-0.5979684860878166,2229.515379597895,0.19280746013110367
2025-04-06,Đà Nẵng: Khuôn viên trường ĐH sư phạm Đà Nẵng,2.670515695790342e-05,-9.340461791684865e-06,0.06276628186328827,0.12253725043891982,,0.00018911387161951008,-0.39402336548026806,,0.6124445036116928
2025-04-06,Thái nguyên: Đường Hùng Vương - Tp Thái Nguyên,,,,0.12466379257276367,,,0.7763961057595966,,0.9999999998452817
2025-04-06,Phú Thọ: đường Hùng Vương - Tp Việt Trì,,,,0.12328599119796946,,,0.024711447636446497,,0.9995770664804913
2025-04-06,Bắc Giang: Khu liên cơ quan tỉnh Bắc Giang - P. Ngô Quyền - TP. Bắc Giang,,,,0.12470221451687749,,,0.6312762414687315,,1.0000000002871252
2025-04-06,Hà Nam: Công Viên Nam Cao - P.Quang Trung - TP. Phủ Lý,,,,0.1239955763807097,,,0.07868097221522666,,1.0000000006006913
2025-04-06,Long An: UBND Tp Tân An - 76 Hùng Vương - P.2,2.3368575930841162e-05,3.232113064749516e-05,0.03480760877904199,0.11658562990827201,,0.00014828818838598704,-0.9298140337417133,1440.331302688279,0.3196061982302393
2025-04-06,"Bình Dương: số 593 Đại lộ Bình Dương, P. Hiệp Thành",3.434743446546488e-05,1.0752623758214874e-06,0.0367748977842184,0.11815214363435556,,0.00012141653397171636,-0.7611375875463124,1134.9837643467215,0.34528038455452076
2025-04-06,Quảng Bình: Khu kinh tế Hòn La,,,,0.12167367918271875,,,-0.09223485475760419,,0.9999999992702074
2025-04-07,Hà Nội: ĐHBK cổng Parabol đường Giải Phóng,,,0.05473326588177178,0.12353202801377322,,,0.4372461068911257,,
2025-04-07,Hà Nội: 556 Nguyễn Văn Cừ,,,0.0541315198433428,0.12340785634237816,,,0.5228203841144872,,
2025-04-07,Hà Nội: Công viên Nhân Chính - Khuất Duy Tiến,,,,0.12344857144036069,,,0.44205051837312387,,
2025-04-07,HCM: Khu Liên cơ quan Bộ Tài Nguyên và Môi Trường - số 20 Đ. Lý Chính Thắng,6.467442619102907e-05,2.4564844683497346e-05,0.0428168656898368,0.11722025929056767,,0.00035080982275903716,-0.31626442108279423,4456.0517554248345,0.06415787865780344
2025-04-07,HCM: Đ. Lê Hữu Kiều - P. Bình Trưng Tây - Quận 2 (Ngã ba Lê Hữu Kiểu và Trương Văn Bang),5.5274815680493994e-05,4.681349918185549e-05,0.0403439459010246,0.11686946981668804,,0.00034815212671810146,-0.5956251537355081,4557.642697893699,0.09668999253616536
2025-04-07,Đà Nẵng: Khuôn viên trường ĐH sư phạm Đà Nẵng,2.146802527680066e-05,-1.0097093052858069e-05,0.05385522398456244,0.12431066708918098,,0.00014304934984287344,-0.6390549459790441,360.92620802464216,0.34547872346352926
2025-04-07,Thái nguyên: Đường Hùng Vương - Tp Thái Nguyên,,,0.06388748381928772,0.12791213500382495,,,-0.3397535740886362,,1.0000000001449727
2025-04-07,Phú Thọ: đường Hùng Vương - Tp Việt Trì,,,0.06740324923154946,0.12470086863613242,,,0.36771858322435647,,1.0000000009236223
2025-04-07,Bắc Giang: Khu liên cơ quan tỉnh Bắc Giang - P. Ngô Quyền - TP. Bắc Giang,,,,0.12418012301914119,,,0.5431314620296457,,1.000000008886535
2025-04-07,Hà Nam: Công Viên Nam Cao - P.Quang Trung - TP. Phủ Lý,,,0.054646815853580916,0.12396500692829981,,,0.2438181794706913,,
2025-04-07,Long An: UBND Tp Tân An - 76 Hùng Vương - P.2,3.577823366061084e-05,4.6327868483004804e-05,0.04065986713936091,0.11610685663502847,,0.00023185401276446153,-0.8447022119839285,3071.1728279227277,0.013338128915494482
2025-04-07,"Bình Dương: số 593 Đại lộ Bình Dương, P. Hiệp Thành",4.0688946511999224e-05,5.707920103270572e-05,0.04663589174081279,0.11745132462350479,,0.0003028611487337878,-0.3659838878010088,785.3787214396535,0.036574832507074787
2025-04-07,Quảng Bình: Khu kinh tế Hòn La,,,0.050025863803083,0.1248650178219911,,,-0.6254607466178623,,0.9488389761754021
2025-04-08,Hà Nội: ĐHBK cổng Parabol đường Giải Phóng,,,0.06234396609959492,0.12427625823052643,,,0.5065759802897557,,0.9896611933465574
2025-04-08,Hà Nội: 556 Nguyễn Văn Cừ,,,0.0623439670269682,0.12442112435490484,,,0.5820163924792691,,0.9980220589588299
2025-04-08,Hà Nội: Công viên Nhân Chính - Khuất Duy Tiến,,,0.06234396604629157,0.12419880762481406,,,0.4352478891435872,,0.9840206312141377
2025-04-08,HCM: Khu Liên cơ quan Bộ Tài Nguyên và Môi Trường - số 20 Đ. Lý Chính Thắng,,,0.03837613077737957,0.11486748174597267,,,-0.7892902937016981,,0.695949703729945
2025-04-08,HCM: Đ. Lê Hữu Kiều - P. Bình Trưng Tây - Quận 2 (Ngã ba Lê Hữu Kiểu và Trương Văn Bang),,,0.03926333237619108,0.11480544100213927,,0.0002949578063595303,-0.9092942161189792,,0.6743104314556316
2025-04-08,Đà Nẵng: Khuôn viên trường ĐH sư phạm Đà Nẵng,1.644618789985103e-05,7.991560304453827e-06,0.04698876404183977,0.12146046237896761,,0.00017385609892066968,-0.7843753858712056,,0.17348839927239562
2025-04-08,Thái nguyên: Đường Hùng Vương - Tp Thái Nguyên,,,0.06198739401431895,0.1252389242472417,,,0.7850591250478693,,0.999645340653908
2025-04-08,Phú Thọ: đường Hùng Vương - Tp Việt Trì,,,0.06136680716779294,0.12606841758280404,,0.0002016313313258912,-0.33189558138662,,0.3675412548747785
2025-04-08,Bắc Giang: Khu liên cơ quan tỉnh Bắc Giang - P. Ngô Quyền - TP. Bắc Giang,,,,0.1262377653618054,,,-0.13356085463024547,,0.9754756923087445
2025-04-08,Hà Nam: Công Viên Nam Cao - P.Quang Trung - TP. Phủ Lý,,,0.05504139641089949,0.12542860206841117,,0.00013332280651847558,-1.012689033731847,,0.44969533596788736
2025-04-08,Long An: UBND Tp Tân An - 76 Hùng Vương - P.2,,,0.03948706443346965,0.1141430400489543,,0.00029120818298454743,-0.6374139102280518,,0.6315305568216303
2025-04-08,"Bình Dương: số 593 Đại lộ Bình Dương, P. Hiệp Thành",3.033703370311687e-05,-6.521484193378975e-05,0.040817422615063825,0.11480222139673442,,0.00039637442918471523,-1.0025997355658653,,0.5278938100503971
2025-04-08,Quảng Bình: Khu kinh tế Hòn La,2.0390912163606834e-05,8.645313130769304e-06,0.05248615397001709,0.1238798217641133,,0.00011948690864393132,-1.3323950671372526,,0.46927932868272243
2025-04-09,Hà Nội: ĐHBK cổng Parabol đường Giải Phóng,,,,0.12313665551171502,,,0.16239943125948655,,1.0000000010932066
2025-04-09,Hà Nội: 556 Nguyễn Văn Cừ,,,,0.12305533128862944,,,0.03449147546507939,,1.0000000005015643
2025-04-09,Hà Nội: Công viên Nhân Chính - Khuất Duy Tiến,,,,0.12323821696522311,,,0.23069313039172137,,0.985911838014864
2025-04-09,HCM: Khu Liên cơ quan Bộ Tài Nguyên và Môi Trường - số 20 Đ. Lý Chính Thắng,4.3366178610733535e-05,-0.00012031612408209439,0.03438054721251343,0.1156626370043619,,9.214178138086757e-05,0.07703444772463346,,0.48005182673244867
2025-04-09,HCM: Đ. Lê Hữu Kiều - P. Bình Trưng Tây - Quận 2 (Ngã ba Lê Hữu Kiểu và Trương Văn Bang),3.8480925917050156e-05,-0.0001727969117165188,0.03437160977311833,0.11593061030018642,,9.214178143808714e-05,-0.0048649870948656694,,0.4674986696407475
2025-04-09,Đà Nẵng: Khuôn viên trường ĐH sư phạm Đà Nẵng,2.3473963918372235e-05,-4.14734474004606e-05,0.0558179344806778,0.12198231267642615,,0.00020358058920699358,0.18084186625736529,,0.17288635405930092
2025-04-09,Thái nguyên: Đường Hùng Vương - Tp Thái Nguyên,,,,0.12201889226876497,,,0.12641908693979098,,0.9999999982321595
2025-04-09,Phú Thọ: đường Hùng Vương - Tp Việt Trì,,,0.045601222700581694,0.12345839874468362,,,0.24930488385059352,,0.9602960577310535
2025-04-09,Bắc Giang: Khu liên cơ quan tỉnh Bắc Giang - P. Ngô Quyền - TP. Bắc Giang,,,,0.12391864059880774,,,-0.7559551361151223,,1.000000000118452
2025-04-09,Hà Nam: Công Viên Nam Cao - P.Quang Trung - TP. Phủ Lý,,,,0.12284466516691382,,,0.07699549640952591,,0.9924843813209804
2025-04-09,Long An: UBND Tp Tân An - 76 Hùng Vương - P.2,2.749092623126296e-05,9.619873501607691e-05,0.032763880532722306,0.11443770431730839,,0.00028847810411711006,0.25480891400073397,5427.9365361041855,0.25987257484847287
2025-04-09,"Bình Dương: số 593 Đại lộ Bình Dương, P. Hiệp Thành",,,0.03249061532800991,0.1156843671827844,,,0.5907127471390418,,0.572751290623469
2025-04-09,Quảng Bình: Khu kinh tế Hòn La,,,,0.12198304672026128,,,-0.781128849157984,,0.6696734940989666
2025-04-10,Hà Nội: ĐHBK cổng Parabol đường Giải Phóng,,,,0.12385943647261044,,,0.4562342592437592,,0.9101391514881413
2025-04-10,Hà Nội: 556 Nguyễn Văn Cừ,,,,0.12390458946033306,,,0.5649752208307496,,0.8702965687697521
2025-04-10,Hà Nội: Công viên Nhân Chính - Khuất Duy Tiến,,,,0.12362750765544729,,,0.45566433008467383,,0.8992975458008131
2025-04-10,HCM: Khu Liên cơ quan Bộ Tài Nguyên và Môi Trường - số 20 Đ. Lý Chính Thắng,4.861517576817275e-05,-4.398520462879923e-05,0.033868685208327455,0.1149446570465038,,0.0002294364902161662,-0.19931266155759772,3416.6650914803067,0.30039923016270315
2025-04-10,HCM: Đ. Lê Hữu Kiều - P. Bình Trưng Tây - Quận 2 (Ngã ba Lê Hữu Kiểu và Trương Văn Bang),5.0279286007728464e-05,6.390886719844784e-05,0.03327313989685344,0.11524972380502031,,0.00023835222258800724,-0.29842491303432916,3515.7669793263703,0.21985874299925742
2025-04-10,Đà Nẵng: Khuôn viên trường ĐH sư phạm Đà Nẵng,,,0.05096926183375106,0.12535611669112687,,,0.17166916271093258,,0.8699270071346387
2025-04-10,Thái nguyên: Đường Hùng Vương - Tp Thái Nguyên,,,,0.12425657642375458,,,1.1212039295300607,,0.7919229290094534
2025-04-10,Phú Thọ: đường Hùng Vương - Tp Việt Trì,,,0.05639778459855214,0.12465010005911711,,,0.2905250987555391,,0.649012986538337
2025-04-10,Bắc Giang: Khu liên cơ quan tỉnh Bắc Giang - P. Ngô Quyền - TP. Bắc Giang,,,,0.1239233427903268,,,0.2362004068239681,,0.9632629732054117
2025-04-10,Hà Nam: Công Viên Nam Cao - P.Quang Trung - TP. Phủ Lý,,,,0.12320414025298676,,,0.7356142076003844,,0.9999999999848502
2025-04-10,Long An: UBND Tp Tân An - 76 Hùng Vương - P.2,1.629550731727969e-05,6.16584527596156e-05,0.030054044486400967,0.11448733051750645,,6.126545847570212e-06,-0.3651426879850348,,0.7375586416683579
2025-04-10,"Bình Dương: số 593 Đại lộ Bình Dương, P. Hiệp Thành",6.380893132831504e-05,-5.2230635435840915e-05,0.036187163457819596,0.1155115721982424,,0.00027960907709547275,-0.3502245078325009,,0.21986407681953768
2025-04-10,Quảng Bình: Khu kinh tế Hòn La,,,,0.1232209172861432,,,0.122564727902331,,0.8969772594718259
2025-04-11,Hà Nội: ĐHBK cổng Parabol đường Giải Phóng,,,0.06853594279050587,0.1227056730577302,,,1.0140400236257014,,0.6596506710401265
2025-04-11,Hà Nội: 556 Nguyễn Văn Cừ,,,0.06815444326724028,0.12254024983977138,,,1.2468700665899513,,0.7458214395816445
2025-04-11,Hà Nội: Công viên Nhân Chính - Khuất Duy Tiến,,,0.06836181062320763,0.1226388223119724,,,0.8490973418629604,,0.6114959313845432
2025-04-11,HCM: Khu Liên cơ quan Bộ Tài Nguyên và Môi Trường - số 20 Đ. Lý Chính Thắng,5.327710015726402e-05,1.4872630418668581e-05,0.03307600027403534,0.11498616663622362,,0.00016010436693296686,-0.3755379091810955,4154.6316595944945,0.34737449852581076
2025-04-11,HCM: Đ. Lê Hữu Kiều - P. Bình Trưng Tây - Quận 2 (Ngã ba Lê Hữu Kiểu và Trương Văn Bang),5.7106832194758104e-05,-6.120047103121905e-06,0.03081006991293424,0.11518475583245584,,0.00015703466017919144,-0.39880444376369795,4298.261502823342,0.37597246432865156
2025-04-11,Đà Nẵng: Khuôn viên trường ĐH sư phạm Đà Nẵng,3.2228912428917364e-05,5.013843265817199e-05,0.04928713886617754,0.12436173942733898,,0.0002702237233945577,-0.3461620420605721,1365.2664161221862,0.012394850584160153
2025-04-11,Thái nguyên: Đường Hùng Vương - Tp Thái Nguyên,,,,0.12056192680478298,,,2.196864330717117,,0.9829946061162733
2025-04-11,Phú Thọ: đường Hùng Vương - Tp Việt Trì,,,,0.12067438545571109,,,1.8035451470941959,1483.4999093645758,0.8693885460968874
2025-04-11,Bắc Giang: Khu liên cơ quan tỉnh Bắc Giang - P. Ngô Quyền - TP. Bắc Giang,,,0.06028671260476195,0.12201558349497961,,,1.8444352668873958,,1.0000000005010796
2025-04-11,Hà Nam: Công Viên Nam Cao - P.Quang Trung - TP. Phủ Lý,0.00018882534628046548,-4.993600309151091e-05,0.06816854961697175,0.12225192300103606,,0.00030303461041009583,0.24584391038155815,1170.9226501279907,0.269140498226636
2025-04-11,Long An: UBND Tp Tân An - 76 Hùng Vương - P.2,2.8876181445915394e-05,-1.0167697922066855e-05,0.029249554012285375,0.11340583157866664,,,-0.2817070497814483,,0.772628825781822
2025-04-11,"Bình Dương: số 593 Đại lộ Bình Dương, P. Hiệp Thành",7.275233813328554e-05,1.6443435685966246e-05,0.035776833694452004,0.11590311005237773,,0.0002952811130029068,-0.7910890148993162,7191.507806226339,0.2752183319116338
2025-04-11,Quảng Bình: Khu kinh tế Hòn La,3.4123909522993505e-05,5.4779702774865475e-05,0.06054689784868768,0.1256892447745831,,0.00030330840441909935,-0.818216158988436,1161.3572894550398,0
2025-04-12,Hà Nội: ĐHBK cổng Parabol đường Giải Phóng,0.00011013161130454342,-2.9560486220337076e-05,0.0753094902028596,0.1220546934109363,,0.00035939722359653995,0.40570466874623173,,0.5156219309151658
2025-04-12,Hà Nội: 556 Nguyễn Văn Cừ,0.00010459178982170012,1.5213857505500648e-05,0.07399349745766683,0.1221195268003452,,0.00043714670783805517,0.4620171737788662,1150.6454994080011,0.554852923297273
2025-04-12,Hà Nội: Công viên Nhân Chính - Khuất Duy Tiến,9.834853990381638e-05,7.062062100643488e-06,0.07568526677702131,0.12183935286168884,,0.00034664122841023313,0.31922675467257494,,0.46428538706859823
2025-04-12,HCM: Khu Liên cơ quan Bộ Tài Nguyên và Môi Trường - số 20 Đ. Lý Chính Thắng,5.901621954131253e-05,-7.117642161972087e-06,0.031192203159195433,0.11783476819464365,,0.00024240900636587594,-0.23334815716007803,6967.991166225009,0.24771132240270077
2025-04-12,HCM: Đ. Lê Hữu Kiều - P. Bình Trưng Tây - Quận 2 (Ngã ba Lê Hữu Kiểu và Trương Văn Bang),5.473192421709231e-05,1.874364599760129e-05,0.03052832582317947,0.11799169455646845,,0.0002562321170549781,-0.23770972240319746,6967.998678867264,0.2244769529308398
2025-04-12,Đà Nẵng: Khuôn viên trường ĐH sư phạm Đà Nẵng,3.488855450215361e-05,4.661260575368854e-05,0.050205658266010804,0.12275488910105994,,0.0002738872589690179,-0.2774451527921823,4636.157595921961,0.03233656356690914
2025-04-12,Thái nguyên: Đường Hùng Vương - Tp Thái Nguyên,6.653796265434037e-05,-8.693256461451698e-06,0.06510419779268688,0.12119803865654671,,0.0002792942277855126,-0.9723290046040214,1350.8889145224125,0.5166763756049367
2025-04-12,Phú Thọ: đường Hùng Vương - Tp Việt Trì,8.148127326679777e-05,0.00014751131361315445,0.056340094212006406,0.12086351835192335,,0.0002961311344814702,-0.9509957160226266,,0.7656840010029244
2025-04-12,Bắc Giang: Khu liên cơ quan tỉnh Bắc Giang - P. Ngô Quyền - TP. Bắc Giang,7.173239245805132e-05,-1.1573194092644491e-05,0.07293303385237318,0.12207816730838672,,0.0003896698413122075,0.06764680259940281,353.54086046541295,0.34698483232830096
2025-04-12,Hà Nam: Công Viên Nam Cao - P.Quang Trung - TP. Phủ Lý,9.122134119194766e-05,2.6650490847252476e-05,0.06754245130881725,0.12326665376577355,,0.0003817078137155205,0.2119290850488936,,0.4794116693536671
2025-04-12,Long An: UBND Tp Tân An - 76 Hùng Vương - P.2,3.266358680350837e-05,8.56248418252285e-05,0.03202457670434601,0.1170894910125544,,0.00027770502103588104,-1.288947629397692,,0.4262756567228009
2025-04-12,"Bình Dương: số 593 Đại lộ Bình Dương, P. Hiệp Thành",5.82942980641829e-05,-3.8156803663786245e-06,0.03624548734170852,0.11761169005940982,,0.0002892207316508891,-0.9715852024440865,1381.249261269832,0.2263245703682327
2025-04-12,Quảng Bình: Khu kinh tế Hòn La,3.073843809562222e-05,2.0468086922034757e-05,0.0441949760695589,0.12346557479620128,,0.00027708022518703815,-0.5664599793372163,,0.09670802457189619
2025-04-13,Hà Nội: ĐHBK cổng Parabol đường Giải Phóng,5.5721315270059405e-05,3.0954709025509984e-05,0.044765779427885934,0.12376696943555138,,0.00010450901486302289,-0.94829533725573,,0.25454703990448635
2025-04-13,Hà Nội: 556 Nguyễn Văn Cừ,5.457475400446981e-05,1.4793062217925877e-05,0.04465940845879499,0.12354730366304831,,7.515885280430406e-05,-0.8860037087738145,,0.40254031349823116
2025-04-13,Hà Nội: Công viên Nhân Chính - Khuất Duy Tiến,5.328821908665427e-05,4.696214254423657e-05,0.04374703963252654,0.12353429513475395,,8.801915127186367e-05,-0.9493584688223206,,0.2757535849213459
2025-04-13,HCM: Khu Liên cơ quan Bộ Tài Nguyên và Môi Trường - số 20 Đ. Lý Chính Thắng,,,0.03680214208925514,0.115248690156587,,0.0002923021280974042,-1.024406379661892,,0.5474583388829098
2025-04-13,HCM: Đ. Lê Hữu Kiều - P. Bình Trưng Tây - Quận 2 (Ngã ba Lê Hữu Kiểu và Trương Văn Bang),4.441933777667924e-05,0.00015093027888358543,0.03646726361354634,0.11535947678680555,,0.00025462674647991937,-1.058142330223229,,0.5384416620394594
2025-04-13,Đà Nẵng: Khuôn viên trường ĐH sư phạm Đà Nẵng,,,,0.12575161772929172,,,-1.303985230084449,,0.9916495960368111
2025-04-13,Thái nguyên: Đường Hùng Vương - Tp Thái Nguyên,,,0.05161555486520837,0.12262910054046235,,0.000219402787426598,-0.71422246889351,,0.8978040311452171
2025-04-13,Phú Thọ: đường Hùng Vương - Tp Việt Trì,,,,0.12240233526834131,,,-0.870024257808977,,0.9999996268865149
2025-04-13,Bắc Giang: Khu liên cơ quan tỉnh Bắc Giang - P. Ngô Quyền - TP. Bắc Giang,2.1683012215052577e-05,-4.341849499856233e-05,0.04744106574139163,0.12237301703686769,,,-0.8698348918737371,,0.7432643180913983
2025-04-13,Hà Nam: Công Viên Nam Cao - P.Quang Trung - TP. Phủ Lý,4.544640890638289e-05,7.241227592921037e-05,0.04020945827869726,0.12322646730521335,,0.00012095988933991582,-0.40294659073322303,1400.6943335540657,0.029647497220099787
2025-04-13,Long An: UBND Tp Tân An - 76 Hùng Vương - P.2,2.7224650365516662e-05,7.811937299647625e-05,0.03426403902084041,0.11424992197000974,,0.00016554787632125332,-1.1257475225022044,,0.507264819535398
2025-04-13,"Bình Dương: số 593 Đại lộ Bình Dương, P. Hiệp Thành",,,0.03619550421148889,0.11490674539875148,,0.00030057513444401216,-1.1324191331476234,,0.6376090525505631
2025-04-13,Quảng Bình: Khu kinh tế Hòn La,,,0.04806960143276004,0.1261481989180747,,0.00010938227891904678,-1.4672764186669331,,0.5808795116525326
2025-04-14,Hà Nội: ĐHBK cổng Parabol đường Giải Phóng,0.00010966003266507287,0.00025734448436452544,,0.1224948638296694,,0.0003129560048675821,-0.6871625667108294,,0.40209682069708946
2025-04-14,Hà Nội: 556 Nguyễn Văn Cừ,0.0001070561777930393,0.00024200732096735106,,0.12260531989290595,,0.0002763423840366305,-0.6728818612540096,,0.2907736107459387
2025-04-14,Hà Nội: Công viên Nhân Chính - Khuất Duy Tiến,0.00011375506799749908,0.0002904594494375406,,0.12227917166263581,,0.0003599605698811585,-0.7694623737051596,,0.4794596232534693
2025-04-14,HCM: Khu Liên cơ quan Bộ Tài Nguyên và Môi Trường - số 20 Đ. Lý Chính Thắng,,,0.0279803147550706,0.11210015685918541,,0.00017277489215723594,-0.757694459776945,,0.4370010660677432
2025-04-14,HCM: Đ. Lê Hữu Kiều - P. Bình Trưng Tây - Quận 2 (Ngã ba Lê Hữu Kiểu và Trương Văn Bang),,,0.027951134739330145,0.11217774529205789,,0.00016514867977969808,-0.8368953624447075,,0.5134686293378129
2025-04-14,Đà Nẵng: Khuôn viên trường ĐH sư phạm Đà Nẵng,,,0.03780957131561394,0.12368319488510962,,,-1.5127856184553234,,0.6980259059279897
2025-04-14,Thái nguyên: Đường Hùng Vương - Tp Thái Nguyên,0.00010115507525093828,0.0002153658692678786,0.04856440026619342,0.12360829613032051,,0.0001965626121844699,-0.2840075724846923,2374.1194022083437,0.10063639676079056
2025-04-14,Phú Thọ: đường Hùng Vương - Tp Việt Trì,7.206144226800724e-05,0.0005725692549860806,,0.12292165794293074,,0.0003702803214628883,-0.8393560088087593,,0.37860991505025005
2025-04-14,Bắc Giang: Khu liên cơ quan tỉnh Bắc Giang - P. Ngô Quyền - TP. Bắc Giang,0.00013837191216755103,0.0002605029062465552,,0.12265027129076092,,0.00027922877592201253,-0.48106649927804157,11124.142860150307,0.18966678080454022
2025-04-14,Hà Nam: Công Viên Nam Cao - P.Quang Trung - TP. Phủ Lý,0.0002258868958890232,0.00011814101544975582,0.04687008658351139,0.12293085325811146,,0.00019563336141290865,-1.2681703849432937,,0.3015814101839198
2025-04-14,Long An: UBND Tp Tân An - 76 Hùng Vương - P.2,,,,0.11143178958263049,,2.8682188404927355e-05,-0.2695466773665749,,0.468863261137775
2025-04-14,"Bình Dương: số 593 Đại lộ Bình Dương, P. Hiệp Thành",3.567222236354935e-05,0.00010960399914972745,0.02974215488255655,0.11191960587518254,,0.00014658135371076983,-0.23162582335371315,,0.271223757441079
2025-04-14,Quảng Bình: Khu kinh tế Hòn La,,,,0.12251158720537438,,,-1.3099516010726098,,0.8242069203316468
